task,model,fold_video,feature,importance,std
regression,ridge,a-remote-possibility,visual_raw,0.0008048098463522187,0.00020993442370576427
regression,ridge,a-remote-possibility,speech_raw,0.004328474532534636,0.00016852108974001683
regression,ridge,a-remote-possibility,visual_norm,0.007120250315549174,0.000983223423080923
regression,ridge,a-remote-possibility,speech_norm,0.05338395472230297,0.0013941362382567334
regression,ridge,a-remote-possibility,fused_baseline,0.03148692472671539,0.0013820222672276813
regression,ridge,a-remote-possibility,visual_z,0.08597816310353557,0.00197669885769181
regression,ridge,a-remote-possibility,speech_z,0.2169510596203854,0.0011835396655976134
regression,ridge,a-remote-possibility,visual_rank,0.020911297610979485,0.0016272871333387
regression,ridge,a-remote-possibility,speech_rank,0.05366636089998042,0.0007572941404113225
regression,ridge,a-remote-possibility,visual_smooth,0.007221532677258419,0.0008991078505943011
regression,ridge,a-remote-possibility,speech_smooth,0.028200295371945433,0.0008482075577859388
regression,ridge,a-remote-possibility,frame_change,-2.5754001887784428e-05,2.334442759018842e-06
regression,ridge,a-remote-possibility,in_speech,0.009523046174453376,0.0004980590961795372
regression,ridge,a-remote-possibility,rel_pos,0.001726421101636418,0.00011869724021687756
regression,ridge,a-remote-possibility,query_words,-0.0002795921538198594,3.8928949547715295e-05
regression,ridge,a-remote-possibility,visual_near,-7.82534475621081e-05,0.00016549447036577552
regression,ridge,a-remote-possibility,speech_near,0.03173030397413822,0.0010505007156725202
regression,ridge,a-remote-possibility,visual_wide,0.02079219655312421,0.0012531236799877478
regression,ridge,a-remote-possibility,speech_wide,0.11610195609875462,0.0010203557158846642
regression,ridge,a-remote-possibility,fused_smooth,0.0008301348445960329,9.214794367925244e-05
regression,ridge,a-remote-possibility,fused_near,0.007619365672919071,0.0004218991279253546
regression,ridge,a-remote-possibility,visual_peak_dist,-0.00024072652096126154,8.57201416271843e-05
regression,ridge,a-remote-possibility,speech_peak_dist,0.0033658948245456435,0.00036560816121227027
regression,ridge,a-remote-possibility,fused_peak_dist,-3.59810410120176e-05,2.9279111949838934e-05
regression,ridge,a-remote-possibility,visual_vs_peak,0.0006960845869238655,0.00016069124651606697
regression,ridge,a-remote-possibility,speech_vs_peak,0.02806045969269899,7.243655918959724e-05
regression,ridge,a-remote-possibility,fused_vs_peak,0.02442690497878498,0.0007739225680382198
regression,ridge,a-remote-possibility,local_rank_fused,0.00031709005453497974,3.149638053491341e-05
regression,ridge,a-remote-possibility,scene_cuts_near,0.00046262695884146293,4.0814158942793205e-05
regression,ridge,a-remote-possibility,keyword_overlap,0.008811061313675353,0.0004174684141416486
regression,ridge,a-remote-possibility,keyword_overlap_near,0.05189936608983786,0.0003386189981657445
regression,random_forest,a-remote-possibility,visual_raw,-0.00020794537950102424,1.7876698609044264e-05
regression,random_forest,a-remote-possibility,speech_raw,-2.171542271723707e-05,1.74561953709785e-05
regression,random_forest,a-remote-possibility,visual_norm,-6.064516605892856e-05,3.553681084832564e-06
regression,random_forest,a-remote-possibility,speech_norm,0.00025555473231550035,3.4509226444192164e-05
regression,random_forest,a-remote-possibility,fused_baseline,-4.506210856379996e-06,5.339368511094575e-05
regression,random_forest,a-remote-possibility,visual_z,2.0942978821108144e-05,8.968213023263432e-06
regression,random_forest,a-remote-possibility,speech_z,0.008634785380654597,0.00038649330625967876
regression,random_forest,a-remote-possibility,visual_rank,-8.752905194046867e-05,1.5443968927624526e-05
regression,random_forest,a-remote-possibility,speech_rank,0.0003944770459442387,0.00017169848583982922
regression,random_forest,a-remote-possibility,visual_smooth,1.738602417848678e-05,1.267056279545723e-05
regression,random_forest,a-remote-possibility,speech_smooth,-0.00019464219759226611,4.1394354880226544e-06
regression,random_forest,a-remote-possibility,frame_change,5.51110162687977e-05,1.963514696859424e-05
regression,random_forest,a-remote-possibility,in_speech,1.0838583142658287e-06,6.3415680502975e-07
regression,random_forest,a-remote-possibility,rel_pos,0.0034615065742662904,0.00047980583772548266
regression,random_forest,a-remote-possibility,query_words,-9.801953067562393e-05,0.0001062743999932905
regression,random_forest,a-remote-possibility,visual_near,0.00020414393381764742,1.3431480999498182e-05
regression,random_forest,a-remote-possibility,speech_near,-0.0009088836163612252,0.00044320609993217904
regression,random_forest,a-remote-possibility,visual_wide,-0.0021953588976549635,7.791553299775866e-05
regression,random_forest,a-remote-possibility,speech_wide,-0.0019334293092310995,0.0013233303241857064
regression,random_forest,a-remote-possibility,fused_smooth,-0.000473966626512302,2.9831832495460727e-05
regression,random_forest,a-remote-possibility,fused_near,0.0106693248334047,0.0010192200612868484
regression,random_forest,a-remote-possibility,visual_peak_dist,0.02533141920425162,0.0017340322318371334
regression,random_forest,a-remote-possibility,speech_peak_dist,0.08442795877224346,0.002254359537197738
regression,random_forest,a-remote-possibility,fused_peak_dist,0.028436405820412392,0.0009189541960026373
regression,random_forest,a-remote-possibility,visual_vs_peak,0.00014349039052057497,2.5696194270156987e-06
regression,random_forest,a-remote-possibility,speech_vs_peak,-3.652842021301117e-05,1.7261800326580588e-05
regression,random_forest,a-remote-possibility,fused_vs_peak,3.7395233058017584e-05,8.04077707666504e-06
regression,random_forest,a-remote-possibility,local_rank_fused,0.0001228332041580682,2.363371714051146e-05
regression,random_forest,a-remote-possibility,scene_cuts_near,0.0002770841685965734,1.304219156068361e-05
regression,random_forest,a-remote-possibility,keyword_overlap,2.208915840233583e-05,7.299998437191732e-06
regression,random_forest,a-remote-possibility,keyword_overlap_near,0.005751322658334131,0.0009394699231382762
regression,gradient_boosting,a-remote-possibility,visual_raw,0.00039896918791141694,6.146526602093997e-05
regression,gradient_boosting,a-remote-possibility,speech_raw,0.004702912372971935,0.00030947035787614
regression,gradient_boosting,a-remote-possibility,visual_norm,0.002442430818891325,0.0001158191665824832
regression,gradient_boosting,a-remote-possibility,speech_norm,0.0012325874261670349,0.00011261162024484149
regression,gradient_boosting,a-remote-possibility,fused_baseline,0.00028413880847590056,3.524410106418736e-05
regression,gradient_boosting,a-remote-possibility,visual_z,0.0031456474280044666,0.00011215501686914387
regression,gradient_boosting,a-remote-possibility,speech_z,0.009527237006981997,0.0003081466299470428
regression,gradient_boosting,a-remote-possibility,visual_rank,0.002302707807132681,0.000305224702307841
regression,gradient_boosting,a-remote-possibility,speech_rank,1.9268879051279053e-05,9.35299750369824e-05
regression,gradient_boosting,a-remote-possibility,visual_smooth,0.0,0.0
regression,gradient_boosting,a-remote-possibility,speech_smooth,0.00012033418975930059,6.0960983586694045e-05
regression,gradient_boosting,a-remote-possibility,frame_change,0.00024971579237055563,7.652909542341517e-05
regression,gradient_boosting,a-remote-possibility,in_speech,0.0,0.0
regression,gradient_boosting,a-remote-possibility,rel_pos,0.0025354878904882603,0.00017677308956192021
regression,gradient_boosting,a-remote-possibility,query_words,0.00011839899597560395,6.1164354918961e-05
regression,gradient_boosting,a-remote-possibility,visual_near,0.0002960868981964626,8.910182473397923e-05
regression,gradient_boosting,a-remote-possibility,speech_near,0.0007168426483507064,0.0005014828373403743
regression,gradient_boosting,a-remote-possibility,visual_wide,0.00016930684177389002,0.00022969886831808898
regression,gradient_boosting,a-remote-possibility,speech_wide,0.00042023673478891926,0.0007252544547046777
regression,gradient_boosting,a-remote-possibility,fused_smooth,-3.0425915525202536e-05,2.2731718555213306e-05
regression,gradient_boosting,a-remote-possibility,fused_near,0.0011849119050871687,0.0004987826220035007
regression,gradient_boosting,a-remote-possibility,visual_peak_dist,0.014638028057714797,0.0004772953787362839
regression,gradient_boosting,a-remote-possibility,speech_peak_dist,0.0757059627947093,0.0019213067394225763
regression,gradient_boosting,a-remote-possibility,fused_peak_dist,0.0301588858724185,0.0021347316079178783
regression,gradient_boosting,a-remote-possibility,visual_vs_peak,0.00014388499571806046,2.3437852158744034e-05
regression,gradient_boosting,a-remote-possibility,speech_vs_peak,0.00023397216899009865,8.017044005260614e-05
regression,gradient_boosting,a-remote-possibility,fused_vs_peak,0.0003232345438201241,2.17431461319586e-05
regression,gradient_boosting,a-remote-possibility,local_rank_fused,0.001015657907315883,0.00016884609749001425
regression,gradient_boosting,a-remote-possibility,scene_cuts_near,0.0018598839029494625,0.00010440045233527117
regression,gradient_boosting,a-remote-possibility,keyword_overlap,-1.7076320984590887e-05,9.119829568139534e-06
regression,gradient_boosting,a-remote-possibility,keyword_overlap_near,0.003017229631565782,0.0006992566234822817
classification,logistic,a-remote-possibility,visual_raw,0.0004968099705583429,0.0008582319693271766
classification,logistic,a-remote-possibility,speech_raw,0.0013187018894282125,0.00022002363326171552
classification,logistic,a-remote-possibility,visual_norm,0.027230320847034434,0.007726361107665165
classification,logistic,a-remote-possibility,speech_norm,0.0311697861133583,0.002537850946750209
classification,logistic,a-remote-possibility,fused_baseline,0.03378715489324565,0.004997590202280183
classification,logistic,a-remote-possibility,visual_z,0.1959063068441892,0.011281190666414826
classification,logistic,a-remote-possibility,speech_z,0.63902452799174,0.018766409898796046
classification,logistic,a-remote-possibility,visual_rank,0.0051587690633800865,0.001700767831456838
classification,logistic,a-remote-possibility,speech_rank,0.02215545368810253,0.003045411298888383
classification,logistic,a-remote-possibility,visual_smooth,0.0023445871283828135,0.0014207288914977521
classification,logistic,a-remote-possibility,speech_smooth,-0.001770992966682335,0.0005078720485481588
classification,logistic,a-remote-possibility,frame_change,0.0009166336413058973,5.2377610279568556e-05
classification,logistic,a-remote-possibility,in_speech,0.0032749269825605998,0.0012735451300890368
classification,logistic,a-remote-possibility,rel_pos,0.01062773275624714,0.0023092193047779767
classification,logistic,a-remote-possibility,query_words,-0.0011287125595467924,0.0007198455498376534
classification,logistic,a-remote-possibility,visual_near,0.0015154036791147722,0.0014824855372190188
classification,logistic,a-remote-possibility,speech_near,0.006221992945773451,0.00045634015301942494
classification,logistic,a-remote-possibility,visual_wide,0.02139771131400973,0.005633349498098468
classification,logistic,a-remote-possibility,speech_wide,0.13402084381828572,0.01491958365376743
classification,logistic,a-remote-possibility,fused_smooth,0.00030762287560333795,0.0012452861052330926
classification,logistic,a-remote-possibility,fused_near,-6.859098247047335e-06,1.856616697010411e-05
classification,logistic,a-remote-possibility,visual_peak_dist,0.0018330624201102024,0.002440684586752194
classification,logistic,a-remote-possibility,speech_peak_dist,0.05853845548412936,0.010630319021908264
classification,logistic,a-remote-possibility,fused_peak_dist,0.0010935454245932046,0.0008959246208714768
classification,logistic,a-remote-possibility,visual_vs_peak,0.00241270877468025,0.0012065586919325626
classification,logistic,a-remote-possibility,speech_vs_peak,0.000433351305935951,8.297696667962641e-05
classification,logistic,a-remote-possibility,fused_vs_peak,0.002106982712401543,0.00122436934028347
classification,logistic,a-remote-possibility,local_rank_fused,0.0013486353779668114,0.000669883083566304
classification,logistic,a-remote-possibility,scene_cuts_near,0.004523280953975213,5.2556048880558295e-05
classification,logistic,a-remote-possibility,keyword_overlap,-0.000701881419755838,0.00035064543030500735
classification,logistic,a-remote-possibility,keyword_overlap_near,0.018527162897419586,0.0016805416732647643
classification,knn,a-remote-possibility,visual_raw,5.45925979092606e-05,0.0008298156882481139
classification,knn,a-remote-possibility,speech_raw,0.014675371706384851,0.0028523943628760294
classification,knn,a-remote-possibility,visual_norm,-0.0020634000724871018,0.0013102061168253744
classification,knn,a-remote-possibility,speech_norm,0.00041754479857895416,0.0009637841489767436
classification,knn,a-remote-possibility,fused_baseline,-0.003838636408382149,0.0011152551758645969
classification,knn,a-remote-possibility,visual_z,0.0007125007041398993,0.0018553678263948734
classification,knn,a-remote-possibility,speech_z,0.028435800118560433,0.002831456712221865
classification,knn,a-remote-possibility,visual_rank,-0.0009515720884449482,0.0012286959714963293
classification,knn,a-remote-possibility,speech_rank,0.0010486304170623055,0.0008656298786115662
classification,knn,a-remote-possibility,visual_smooth,-0.0036588659602702447,0.002381818904078772
classification,knn,a-remote-possibility,speech_smooth,-0.0015257506885054672,0.0009758662615627482
classification,knn,a-remote-possibility,frame_change,0.0011710055241261526,0.0003487236947501127
classification,knn,a-remote-possibility,in_speech,0.00011166956862980933,0.0002374629359296341
classification,knn,a-remote-possibility,rel_pos,0.01596020525164843,0.002525490615850037
classification,knn,a-remote-possibility,query_words,-0.0016218029918348604,0.0013840116623433497
classification,knn,a-remote-possibility,visual_near,-0.002660415396235701,0.0012534021485137812
classification,knn,a-remote-possibility,speech_near,-0.007271321486050771,0.0007650083859364372
classification,knn,a-remote-possibility,visual_wide,-0.001855395230224451,0.0019332409379440333
classification,knn,a-remote-possibility,speech_wide,0.000925602289465736,0.003208511201844944
classification,knn,a-remote-possibility,fused_smooth,-0.006091145274581396,0.0009655721535626135
classification,knn,a-remote-possibility,fused_near,-0.00922387352699853,0.0013197372870649158
classification,knn,a-remote-possibility,visual_peak_dist,0.010879618976597357,0.001148540620154676
classification,knn,a-remote-possibility,speech_peak_dist,0.009529456210888002,0.0011164691076149043
classification,knn,a-remote-possibility,fused_peak_dist,0.009468390292758663,0.0018260547055674922
classification,knn,a-remote-possibility,visual_vs_peak,0.0030710183611772543,0.001716426646601917
classification,knn,a-remote-possibility,speech_vs_peak,-0.003720955120579831,4.5061531927854785e-05
classification,knn,a-remote-possibility,fused_vs_peak,-8.463265798434408e-06,0.0007667567665711707
classification,knn,a-remote-possibility,local_rank_fused,0.01497766434271904,0.0022255840963784266
classification,knn,a-remote-possibility,scene_cuts_near,0.0029975645013568344,0.0027933806963772673
classification,knn,a-remote-possibility,keyword_overlap,0.013473724400669332,0.001448722988317141
classification,knn,a-remote-possibility,keyword_overlap_near,0.0554845689007597,0.0020899306737996223
classification,gradient_boosting,a-remote-possibility,visual_raw,0.0008512751223614575,0.0001549187212949565
classification,gradient_boosting,a-remote-possibility,speech_raw,-0.0022684502902534653,0.0007924138339838663
classification,gradient_boosting,a-remote-possibility,visual_norm,-0.000533917294463541,5.861414303368983e-05
classification,gradient_boosting,a-remote-possibility,speech_norm,-0.002802109299343436,0.0007868043539790056
classification,gradient_boosting,a-remote-possibility,fused_baseline,-0.0008426053859988958,0.00029908974737488366
classification,gradient_boosting,a-remote-possibility,visual_z,0.004290552208851254,0.0008564313401606518
classification,gradient_boosting,a-remote-possibility,speech_z,0.08526845220169747,0.005436691747244654
classification,gradient_boosting,a-remote-possibility,visual_rank,0.004188144467173749,0.0009682608926263887
classification,gradient_boosting,a-remote-possibility,speech_rank,0.0017356883870946656,0.00044346785388838926
classification,gradient_boosting,a-remote-possibility,visual_smooth,0.0005330838126294349,0.0001189720563109877
classification,gradient_boosting,a-remote-possibility,speech_smooth,0.00014635845504851197,0.0006184966028203431
classification,gradient_boosting,a-remote-possibility,frame_change,-0.0003569563766178859,8.368795758614202e-06
classification,gradient_boosting,a-remote-possibility,in_speech,0.0,0.0
classification,gradient_boosting,a-remote-possibility,rel_pos,0.010684771820408981,0.0029160262327925296
classification,gradient_boosting,a-remote-possibility,query_words,0.004313522948448038,0.0022474163565406957
classification,gradient_boosting,a-remote-possibility,visual_near,-0.0006232575582228265,0.00019219371179314708
classification,gradient_boosting,a-remote-possibility,speech_near,0.004254348058618092,0.001485866891646432
classification,gradient_boosting,a-remote-possibility,visual_wide,0.0033116869095514145,0.001691179270408932
classification,gradient_boosting,a-remote-possibility,speech_wide,0.021347869295223587,0.008459340875060393
classification,gradient_boosting,a-remote-possibility,fused_smooth,0.0050328633827232405,0.0002779559175825483
classification,gradient_boosting,a-remote-possibility,fused_near,0.026207462625071454,0.004510237111919153
classification,gradient_boosting,a-remote-possibility,visual_peak_dist,0.07832754898325082,0.00950790403989166
classification,gradient_boosting,a-remote-possibility,speech_peak_dist,0.2025491012311332,0.017323662783333117
classification,gradient_boosting,a-remote-possibility,fused_peak_dist,0.04099875797521121,0.008539200058463236
classification,gradient_boosting,a-remote-possibility,visual_vs_peak,6.93221145748509e-05,1.1210274734917322e-05
classification,gradient_boosting,a-remote-possibility,speech_vs_peak,-0.00019216812409110032,0.0003460150639947484
classification,gradient_boosting,a-remote-possibility,fused_vs_peak,0.0013377700246001896,0.0008060031217528525
classification,gradient_boosting,a-remote-possibility,local_rank_fused,-5.894825482492353e-05,0.0014157396562263186
classification,gradient_boosting,a-remote-possibility,scene_cuts_near,0.0003216458510835925,0.0002824257141966477
classification,gradient_boosting,a-remote-possibility,keyword_overlap,0.000485490254908479,6.538966703824584e-05
classification,gradient_boosting,a-remote-possibility,keyword_overlap_near,0.0037492625259872847,0.0009464518752271528
regression,ridge,administrator-chats-astronauts,visual_raw,4.237912827650033e-05,3.156642168223895e-05
regression,ridge,administrator-chats-astronauts,speech_raw,0.006523630602675819,2.7558493143165676e-05
regression,ridge,administrator-chats-astronauts,visual_norm,0.004326471313089737,0.0005093562239530887
regression,ridge,administrator-chats-astronauts,speech_norm,0.03044173685677437,0.00044553413906188026
regression,ridge,administrator-chats-astronauts,fused_baseline,0.02286242575841722,0.0007546511581132502
regression,ridge,administrator-chats-astronauts,visual_z,0.05244230595688896,0.002293257468220462
regression,ridge,administrator-chats-astronauts,speech_z,0.15152463081680456,0.0003775751119987406
regression,ridge,administrator-chats-astronauts,visual_rank,0.008949045982071116,0.0011752923978542516
regression,ridge,administrator-chats-astronauts,speech_rank,0.024050190362109498,0.0006309775988132661
regression,ridge,administrator-chats-astronauts,visual_smooth,0.005344020705559431,0.0005964559197549526
regression,ridge,administrator-chats-astronauts,speech_smooth,0.009990894886091636,0.0004326976369148138
regression,ridge,administrator-chats-astronauts,frame_change,-6.9752354803035805e-06,1.0593728604393407e-05
regression,ridge,administrator-chats-astronauts,in_speech,0.004912152918128613,0.0003533298397928093
regression,ridge,administrator-chats-astronauts,rel_pos,0.003284569695166365,0.00019671391545870312
regression,ridge,administrator-chats-astronauts,query_words,-0.0012207404864083466,0.00017711445582244663
regression,ridge,administrator-chats-astronauts,visual_near,0.00016688057804338055,0.00023439833390175786
regression,ridge,administrator-chats-astronauts,speech_near,0.02249093742638253,0.0009532040314832914
regression,ridge,administrator-chats-astronauts,visual_wide,0.016361924261348637,0.0008455274411856259
regression,ridge,administrator-chats-astronauts,speech_wide,0.09265792680756248,0.0012059533254687236
regression,ridge,administrator-chats-astronauts,fused_smooth,-0.0001475186898779642,4.9670016147129e-05
regression,ridge,administrator-chats-astronauts,fused_near,0.0055645832629661425,0.00048151937308045615
regression,ridge,administrator-chats-astronauts,visual_peak_dist,-2.2195136796965276e-05,5.115604310099721e-05
regression,ridge,administrator-chats-astronauts,speech_peak_dist,0.001285212539206974,0.00016471197014388973
regression,ridge,administrator-chats-astronauts,fused_peak_dist,0.0003483047053728927,0.00016956672871669762
regression,ridge,administrator-chats-astronauts,visual_vs_peak,0.00335790327590522,0.00031025820984141296
regression,ridge,administrator-chats-astronauts,speech_vs_peak,0.005784508239378964,0.0002525731071764394
regression,ridge,administrator-chats-astronauts,fused_vs_peak,0.00807484045790676,0.0004298720074381386
regression,ridge,administrator-chats-astronauts,local_rank_fused,0.00026876320271401744,0.0001510597951047038
regression,ridge,administrator-chats-astronauts,scene_cuts_near,-1.5275724553805622e-07,9.581300883341452e-05
regression,ridge,administrator-chats-astronauts,keyword_overlap,0.01789804422984918,0.0006211654815248182
regression,ridge,administrator-chats-astronauts,keyword_overlap_near,0.07743993613631944,0.0028731030615500685
regression,random_forest,administrator-chats-astronauts,visual_raw,0.0006640916628933938,3.172626045652827e-05
regression,random_forest,administrator-chats-astronauts,speech_raw,-6.953291420114249e-06,2.0881405258134558e-05
regression,random_forest,administrator-chats-astronauts,visual_norm,8.650390628306415e-06,3.5382521570959676e-06
regression,random_forest,administrator-chats-astronauts,speech_norm,0.00010234797725451143,3.450991741879792e-05
regression,random_forest,administrator-chats-astronauts,fused_baseline,-2.007838435643302e-06,9.838971738199069e-06
regression,random_forest,administrator-chats-astronauts,visual_z,0.0001378579385123794,3.2112800805724026e-05
regression,random_forest,administrator-chats-astronauts,speech_z,0.0003805476437025816,0.00033067622929754906
regression,random_forest,administrator-chats-astronauts,visual_rank,0.000207437485746124,1.4612300543708532e-05
regression,random_forest,administrator-chats-astronauts,speech_rank,0.00023135756289816012,0.00021517796052365453
regression,random_forest,administrator-chats-astronauts,visual_smooth,-1.0368088859310138e-06,9.804173657833672e-06
regression,random_forest,administrator-chats-astronauts,speech_smooth,-3.456980002436438e-05,3.1187719324155297e-06
regression,random_forest,administrator-chats-astronauts,frame_change,-1.18841789900348e-05,5.754966766009109e-05
regression,random_forest,administrator-chats-astronauts,in_speech,1.850371707708594e-17,1.3084103822364792e-17
regression,random_forest,administrator-chats-astronauts,rel_pos,0.006880861006730021,0.000419354799827903
regression,random_forest,administrator-chats-astronauts,query_words,-0.0015179293974935855,0.00042173118644249144
regression,random_forest,administrator-chats-astronauts,visual_near,0.00010438017839021578,5.672722839315535e-06
regression,random_forest,administrator-chats-astronauts,speech_near,-0.0008205284372055643,0.00032111711594800765
regression,random_forest,administrator-chats-astronauts,visual_wide,0.0029741410913282085,0.0002986486390592362
regression,random_forest,administrator-chats-astronauts,speech_wide,0.0023551449783282643,0.0006685067611016714
regression,random_forest,administrator-chats-astronauts,fused_smooth,-6.675065093633692e-05,2.63919285892696e-05
regression,random_forest,administrator-chats-astronauts,fused_near,0.002360169564747818,0.0016945155403993634
regression,random_forest,administrator-chats-astronauts,visual_peak_dist,-0.0014951324937797494,0.0003504696617755167
regression,random_forest,administrator-chats-astronauts,speech_peak_dist,0.06293321480648413,0.0027895920000843076
regression,random_forest,administrator-chats-astronauts,fused_peak_dist,0.028038693602518216,0.0013667207351410985
regression,random_forest,administrator-chats-astronauts,visual_vs_peak,2.1171576119749513e-06,3.7847712486298745e-06
regression,random_forest,administrator-chats-astronauts,speech_vs_peak,-2.9286743874904857e-05,7.815395398478889e-06
regression,random_forest,administrator-chats-astronauts,fused_vs_peak,-4.602359617292273e-05,1.858551811587061e-05
regression,random_forest,administrator-chats-astronauts,local_rank_fused,3.4295239803925716e-05,1.5003702865672499e-05
regression,random_forest,administrator-chats-astronauts,scene_cuts_near,-0.0003293092091073424,0.00038904010658096156
regression,random_forest,administrator-chats-astronauts,keyword_overlap,-0.00010252286606988552,5.149304108785832e-06
regression,random_forest,administrator-chats-astronauts,keyword_overlap_near,0.014414706183941214,0.0007052951841412337
regression,gradient_boosting,administrator-chats-astronauts,visual_raw,0.0013830167935387865,0.00028276666457174843
regression,gradient_boosting,administrator-chats-astronauts,speech_raw,-0.0007433222393668226,4.645025427058865e-05
regression,gradient_boosting,administrator-chats-astronauts,visual_norm,-0.0005990012247332754,0.0004077916628456719
regression,gradient_boosting,administrator-chats-astronauts,speech_norm,0.002100557932166689,0.0005049557401550414
regression,gradient_boosting,administrator-chats-astronauts,fused_baseline,-0.00032068091566480234,0.0002691030865783862
regression,gradient_boosting,administrator-chats-astronauts,visual_z,0.0010501071420713493,5.9883647363603264e-05
regression,gradient_boosting,administrator-chats-astronauts,speech_z,0.004834048661922219,0.0011329458172253696
regression,gradient_boosting,administrator-chats-astronauts,visual_rank,0.0022218397505425203,0.0002486846630831269
regression,gradient_boosting,administrator-chats-astronauts,speech_rank,0.002204208505550818,0.00027656322895134585
regression,gradient_boosting,administrator-chats-astronauts,visual_smooth,0.000525019870514315,0.0002149015089726985
regression,gradient_boosting,administrator-chats-astronauts,speech_smooth,0.00017354474229241043,0.00014448443880806704
regression,gradient_boosting,administrator-chats-astronauts,frame_change,3.758147630216387e-05,4.58210708332472e-05
regression,gradient_boosting,administrator-chats-astronauts,in_speech,0.0,0.0
regression,gradient_boosting,administrator-chats-astronauts,rel_pos,0.005539113519531273,0.001379762960576777
regression,gradient_boosting,administrator-chats-astronauts,query_words,-0.006876583063161662,0.0008980496258687077
regression,gradient_boosting,administrator-chats-astronauts,visual_near,0.0012595607271239373,0.00029110813362813866
regression,gradient_boosting,administrator-chats-astronauts,speech_near,-0.0010365918474955678,0.0004252307644357783
regression,gradient_boosting,administrator-chats-astronauts,visual_wide,0.010638998876626829,0.000516114202732312
regression,gradient_boosting,administrator-chats-astronauts,speech_wide,0.008208558783070993,0.0011454904674644956
regression,gradient_boosting,administrator-chats-astronauts,fused_smooth,0.0012422162300030442,8.83247053888597e-05
regression,gradient_boosting,administrator-chats-astronauts,fused_near,0.0007941141925406995,0.0015448328138780235
regression,gradient_boosting,administrator-chats-astronauts,visual_peak_dist,-0.005009584019350977,0.0018477403421410092
regression,gradient_boosting,administrator-chats-astronauts,speech_peak_dist,0.04962723698280244,0.0026309601347213178
regression,gradient_boosting,administrator-chats-astronauts,fused_peak_dist,0.021068662467602483,0.0018809434651307654
regression,gradient_boosting,administrator-chats-astronauts,visual_vs_peak,-0.001167081577840993,8.545325540626715e-05
regression,gradient_boosting,administrator-chats-astronauts,speech_vs_peak,-0.00019010519079745714,8.337526555113828e-05
regression,gradient_boosting,administrator-chats-astronauts,fused_vs_peak,-0.00033446521993625117,6.212501720712382e-05
regression,gradient_boosting,administrator-chats-astronauts,local_rank_fused,-0.0004221893767509625,0.00047238768316243147
regression,gradient_boosting,administrator-chats-astronauts,scene_cuts_near,0.0003627248979275466,0.0008495570435218682
regression,gradient_boosting,administrator-chats-astronauts,keyword_overlap,0.00017567673052277613,7.55436894924425e-05
regression,gradient_boosting,administrator-chats-astronauts,keyword_overlap_near,0.0087584441999188,0.0011215542214749832
classification,logistic,administrator-chats-astronauts,visual_raw,-0.004056766028578851,0.0022409639947302802
classification,logistic,administrator-chats-astronauts,speech_raw,-3.5907225685953094e-05,7.008544621913189e-05
classification,logistic,administrator-chats-astronauts,visual_norm,0.009599033149521263,0.008104699744333374
classification,logistic,administrator-chats-astronauts,speech_norm,0.03279203429187372,0.0006794902706201131
classification,logistic,administrator-chats-astronauts,fused_baseline,0.02979396041435071,0.00826834831457832
classification,logistic,administrator-chats-astronauts,visual_z,0.23497365509652554,0.015825144696290143
classification,logistic,administrator-chats-astronauts,speech_z,0.38601083669218744,0.01012919733397246
classification,logistic,administrator-chats-astronauts,visual_rank,0.003988833569399978,0.00033286123918295984
classification,logistic,administrator-chats-astronauts,speech_rank,0.01624986384460732,0.0030914679403157216
classification,logistic,administrator-chats-astronauts,visual_smooth,0.006006544666405341,0.0005722366006318345
classification,logistic,administrator-chats-astronauts,speech_smooth,-0.002266344161137468,0.0001334315450294414
classification,logistic,administrator-chats-astronauts,frame_change,-0.000743514325173907,0.00045371486531347867
classification,logistic,administrator-chats-astronauts,in_speech,0.00508653892226892,0.00037578673938862283
classification,logistic,administrator-chats-astronauts,rel_pos,0.011661169215134382,0.002124089909791765
classification,logistic,administrator-chats-astronauts,query_words,-0.0067212275376844115,0.000943097319181254
classification,logistic,administrator-chats-astronauts,visual_near,0.008354769603194923,0.0007441462342282272
classification,logistic,administrator-chats-astronauts,speech_near,0.013050546916715478,0.0025450420340155933
classification,logistic,administrator-chats-astronauts,visual_wide,0.035394936748438154,0.0025741947044835988
classification,logistic,administrator-chats-astronauts,speech_wide,0.1216438098173281,0.010548460683705987
classification,logistic,administrator-chats-astronauts,fused_smooth,0.0030899359477989385,0.0005498015077511098
classification,logistic,administrator-chats-astronauts,fused_near,-0.00024316907630483886,0.00023305433248084264
classification,logistic,administrator-chats-astronauts,visual_peak_dist,-0.0048453067681225965,0.001832015899525871
classification,logistic,administrator-chats-astronauts,speech_peak_dist,0.018696680266640103,0.0054085985474760295
classification,logistic,administrator-chats-astronauts,fused_peak_dist,-0.004594279740702145,0.0031970704864004796
classification,logistic,administrator-chats-astronauts,visual_vs_peak,0.00282396767865604,0.0002263307735066302
classification,logistic,administrator-chats-astronauts,speech_vs_peak,0.002180906728585693,0.00080798199983108
classification,logistic,administrator-chats-astronauts,fused_vs_peak,-0.0003670782696758949,0.00015846404974118947
classification,logistic,administrator-chats-astronauts,local_rank_fused,0.002262091372082109,0.0049362389130776585
classification,logistic,administrator-chats-astronauts,scene_cuts_near,-0.0003324706570899301,0.000995295863097278
classification,logistic,administrator-chats-astronauts,keyword_overlap,0.004180983414545647,0.0003331787233198914
classification,logistic,administrator-chats-astronauts,keyword_overlap_near,0.021804719640913166,0.01027805746976692
classification,knn,administrator-chats-astronauts,visual_raw,0.0008032378553652538,0.0001425877506031688
classification,knn,administrator-chats-astronauts,speech_raw,0.004138348737295942,0.0006625822251097244
classification,knn,administrator-chats-astronauts,visual_norm,0.0038993542076549703,0.0002627336846070953
classification,knn,administrator-chats-astronauts,speech_norm,0.007119069401139229,0.0025858661966377343
classification,knn,administrator-chats-astronauts,fused_baseline,0.0034329717188240627,0.002092703449672888
classification,knn,administrator-chats-astronauts,visual_z,0.009789474632289222,0.0016322498603046035
classification,knn,administrator-chats-astronauts,speech_z,0.024897136987170554,0.0036636698391506236
classification,knn,administrator-chats-astronauts,visual_rank,0.006130567523985553,0.0019759076241442
classification,knn,administrator-chats-astronauts,speech_rank,-0.0004189995930640178,0.001824447932022584
classification,knn,administrator-chats-astronauts,visual_smooth,0.005064673475312624,0.0010187393473373486
classification,knn,administrator-chats-astronauts,speech_smooth,0.0018187527743064313,0.0008608843421346691
classification,knn,administrator-chats-astronauts,frame_change,0.004878467452832195,0.0015530758491480727
classification,knn,administrator-chats-astronauts,in_speech,0.00018744229549091015,0.00021612830953137135
classification,knn,administrator-chats-astronauts,rel_pos,0.017236966344034488,0.002378538766265132
classification,knn,administrator-chats-astronauts,query_words,0.0003713588953131823,0.0006160071859097148
classification,knn,administrator-chats-astronauts,visual_near,0.008577725311598136,0.000955689625828333
classification,knn,administrator-chats-astronauts,speech_near,-0.0015322917671333942,0.003079200321932769
classification,knn,administrator-chats-astronauts,visual_wide,0.014413829623255622,0.00218128378986903
classification,knn,administrator-chats-astronauts,speech_wide,0.011753400497415875,0.002594631718737438
classification,knn,administrator-chats-astronauts,fused_smooth,0.006916832484124891,0.0015222156680042942
classification,knn,administrator-chats-astronauts,fused_near,0.008681706108060553,0.001744226929845242
classification,knn,administrator-chats-astronauts,visual_peak_dist,0.003743504806721846,0.0020470037168694084
classification,knn,administrator-chats-astronauts,speech_peak_dist,0.01090016790172188,0.0015907655088125783
classification,knn,administrator-chats-astronauts,fused_peak_dist,0.0031704098938086047,0.003051111616593776
classification,knn,administrator-chats-astronauts,visual_vs_peak,0.005949853861406192,0.0014704979201518498
classification,knn,administrator-chats-astronauts,speech_vs_peak,0.00046652212776972696,0.0014898483386741152
classification,knn,administrator-chats-astronauts,fused_vs_peak,0.003196031086437623,0.0021752228030212572
classification,knn,administrator-chats-astronauts,local_rank_fused,0.008721815509942258,0.0031707065944120327
classification,knn,administrator-chats-astronauts,scene_cuts_near,0.00340981520740391,0.0012616650556244824
classification,knn,administrator-chats-astronauts,keyword_overlap,0.02336683010662255,0.003035116279893558
classification,knn,administrator-chats-astronauts,keyword_overlap_near,0.022458339129942845,0.00873389658829394
classification,gradient_boosting,administrator-chats-astronauts,visual_raw,-0.0013868578183627485,0.0009026185724577662
classification,gradient_boosting,administrator-chats-astronauts,speech_raw,0.0046157279386801475,0.00035124978553693025
classification,gradient_boosting,administrator-chats-astronauts,visual_norm,0.001936571692383519,0.0013875548350614226
classification,gradient_boosting,administrator-chats-astronauts,speech_norm,9.268259826045178e-05,0.00019719188917428546
classification,gradient_boosting,administrator-chats-astronauts,fused_baseline,-0.0006338859242117264,0.0014503585735490385
classification,gradient_boosting,administrator-chats-astronauts,visual_z,0.01854434885769966,0.0031278124769356834
classification,gradient_boosting,administrator-chats-astronauts,speech_z,0.008334783012031352,0.001823503877741468
classification,gradient_boosting,administrator-chats-astronauts,visual_rank,0.010469845952630083,0.0041100886055094096
classification,gradient_boosting,administrator-chats-astronauts,speech_rank,0.0045688568401257195,0.002976808550229128
classification,gradient_boosting,administrator-chats-astronauts,visual_smooth,-0.0007831310967783001,0.0006134209096365095
classification,gradient_boosting,administrator-chats-astronauts,speech_smooth,0.0004629259416896551,0.00040670974577520114
classification,gradient_boosting,administrator-chats-astronauts,frame_change,-0.00014021689308341134,0.00028495896665658906
classification,gradient_boosting,administrator-chats-astronauts,in_speech,0.0,0.0
classification,gradient_boosting,administrator-chats-astronauts,rel_pos,0.00682917836943638,0.0038267676110627325
classification,gradient_boosting,administrator-chats-astronauts,query_words,-0.004270455408446135,0.0016425908487527133
classification,gradient_boosting,administrator-chats-astronauts,visual_near,0.009979333693190115,0.0019859973631311534
classification,gradient_boosting,administrator-chats-astronauts,speech_near,0.002946551661739257,0.00307805458009963
classification,gradient_boosting,administrator-chats-astronauts,visual_wide,0.018786324320044234,0.001762466951999002
classification,gradient_boosting,administrator-chats-astronauts,speech_wide,0.020111772782948734,0.007867258873221395
classification,gradient_boosting,administrator-chats-astronauts,fused_smooth,0.008898971584225923,0.001830795042052824
classification,gradient_boosting,administrator-chats-astronauts,fused_near,0.013580939198447717,0.006843262177658649
classification,gradient_boosting,administrator-chats-astronauts,visual_peak_dist,0.008418617171890816,0.008970961959252191
classification,gradient_boosting,administrator-chats-astronauts,speech_peak_dist,0.11726327202371067,0.02638603913973607
classification,gradient_boosting,administrator-chats-astronauts,fused_peak_dist,-0.0024362644582837842,0.01446856564020218
classification,gradient_boosting,administrator-chats-astronauts,visual_vs_peak,7.207191861154556e-05,1.290755713286368e-05
classification,gradient_boosting,administrator-chats-astronauts,speech_vs_peak,-0.0003953232778020436,0.00013405871160305122
classification,gradient_boosting,administrator-chats-astronauts,fused_vs_peak,0.002020618361727178,0.0006782234229801379
classification,gradient_boosting,administrator-chats-astronauts,local_rank_fused,0.0013080213703347,0.002046548631415591
classification,gradient_boosting,administrator-chats-astronauts,scene_cuts_near,0.0011103053819647342,0.0008650876286342993
classification,gradient_boosting,administrator-chats-astronauts,keyword_overlap,0.0,0.0
classification,gradient_boosting,administrator-chats-astronauts,keyword_overlap_near,0.007619736709445528,0.0008319016521821265
regression,ridge,commercial-crew-milestone,visual_raw,-4.085420923804114e-05,7.755499358138967e-05
regression,ridge,commercial-crew-milestone,speech_raw,0.0018840462719790692,0.00025629193459316535
regression,ridge,commercial-crew-milestone,visual_norm,0.006134291527984809,0.0009736588944978445
regression,ridge,commercial-crew-milestone,speech_norm,0.020720610792332467,0.000497236830409196
regression,ridge,commercial-crew-milestone,fused_baseline,0.020007356418497158,0.0009926687287806313
regression,ridge,commercial-crew-milestone,visual_z,0.07701151643325795,0.003764093255592732
regression,ridge,commercial-crew-milestone,speech_z,0.20363288921292969,0.004382925058866771
regression,ridge,commercial-crew-milestone,visual_rank,0.014675648704454711,0.0011382871585071516
regression,ridge,commercial-crew-milestone,speech_rank,0.024858861397364918,0.0006112843638348146
regression,ridge,commercial-crew-milestone,visual_smooth,0.006600565818652195,0.0007580779893487348
regression,ridge,commercial-crew-milestone,speech_smooth,0.002782736861228476,8.242603254344033e-05
regression,ridge,commercial-crew-milestone,frame_change,-4.733270308976412e-06,2.2945703158728138e-05
regression,ridge,commercial-crew-milestone,in_speech,0.00382422740851319,0.0002591706311771306
regression,ridge,commercial-crew-milestone,rel_pos,0.0004993060209752634,0.00033233980893698664
regression,ridge,commercial-crew-milestone,query_words,0.00144284131244173,0.0002287482315205762
regression,ridge,commercial-crew-milestone,visual_near,0.000596516472334783,0.00021071169290095505
regression,ridge,commercial-crew-milestone,speech_near,0.009999554808494312,0.0003779346248097706
regression,ridge,commercial-crew-milestone,visual_wide,0.021932955133264365,0.0014417224856421525
regression,ridge,commercial-crew-milestone,speech_wide,0.13148672834632735,0.0011995626354433125
regression,ridge,commercial-crew-milestone,fused_smooth,0.0001665856735664125,2.799818164678129e-05
regression,ridge,commercial-crew-milestone,fused_near,0.0018580176617369142,0.00034081469905723185
regression,ridge,commercial-crew-milestone,visual_peak_dist,-9.63235460150665e-05,2.283380662414527e-05
regression,ridge,commercial-crew-milestone,speech_peak_dist,0.0013210138169871728,0.00015273023822746148
regression,ridge,commercial-crew-milestone,fused_peak_dist,-1.0790684359875588e-05,2.998591092970761e-05
regression,ridge,commercial-crew-milestone,visual_vs_peak,0.0025499798368455173,0.0004900856034897697
regression,ridge,commercial-crew-milestone,speech_vs_peak,0.015051325362119542,5.625290813194115e-05
regression,ridge,commercial-crew-milestone,fused_vs_peak,0.003912775875784091,0.0004656553553908659
regression,ridge,commercial-crew-milestone,local_rank_fused,0.00015417135118163858,4.9585616815331274e-05
regression,ridge,commercial-crew-milestone,scene_cuts_near,-0.0002426868983482211,6.915405935779165e-05
regression,ridge,commercial-crew-milestone,keyword_overlap,0.005637087708945683,0.000208627054411071
regression,ridge,commercial-crew-milestone,keyword_overlap_near,0.06558011353804459,0.0012979742438272459
regression,random_forest,commercial-crew-milestone,visual_raw,-8.034528748409227e-05,6.610277622747593e-05
regression,random_forest,commercial-crew-milestone,speech_raw,-1.6321691019098121e-06,2.7180545018411255e-05
regression,random_forest,commercial-crew-milestone,visual_norm,1.867216947097165e-06,5.017439338371232e-06
regression,random_forest,commercial-crew-milestone,speech_norm,0.0007416764165137183,5.729646833880466e-05
regression,random_forest,commercial-crew-milestone,fused_baseline,-6.480122574310336e-05,8.127907196924835e-06
regression,random_forest,commercial-crew-milestone,visual_z,-0.00019625501514832408,5.9340177538217164e-05
regression,random_forest,commercial-crew-milestone,speech_z,3.7014690722647625e-05,0.0005108349747899887
regression,random_forest,commercial-crew-milestone,visual_rank,-5.69435851937398e-05,5.1547227699109614e-05
regression,random_forest,commercial-crew-milestone,speech_rank,-0.0007954586867403302,0.00023281815343731698
regression,random_forest,commercial-crew-milestone,visual_smooth,-0.0003104441175102261,5.38611023893573e-06
regression,random_forest,commercial-crew-milestone,speech_smooth,-0.00011508957990335096,3.5314265043644675e-06
regression,random_forest,commercial-crew-milestone,frame_change,8.715133951305484e-06,4.769638982323183e-06
regression,random_forest,commercial-crew-milestone,in_speech,9.25185853854297e-18,1.3084103822364792e-17
regression,random_forest,commercial-crew-milestone,rel_pos,0.0030146442658884978,0.0015587340104753012
regression,random_forest,commercial-crew-milestone,query_words,0.0001443346754850805,0.0001906171910294592
regression,random_forest,commercial-crew-milestone,visual_near,-0.0002977873606777222,1.3653949990056831e-05
regression,random_forest,commercial-crew-milestone,speech_near,0.00028083124623234923,0.00031141099112624474
regression,random_forest,commercial-crew-milestone,visual_wide,0.00045594072954667036,0.00019831839298113527
regression,random_forest,commercial-crew-milestone,speech_wide,0.0019101311667199066,0.0003555408869544302
regression,random_forest,commercial-crew-milestone,fused_smooth,-0.0001445551770382821,7.106281848063728e-06
regression,random_forest,commercial-crew-milestone,fused_near,0.0029978839626686737,0.0003841429804716214
regression,random_forest,commercial-crew-milestone,visual_peak_dist,-0.0022915567899110443,0.0011341464192808149
regression,random_forest,commercial-crew-milestone,speech_peak_dist,0.0748903488393007,0.0032633772498709785
regression,random_forest,commercial-crew-milestone,fused_peak_dist,0.012030118503087541,0.002151249679937601
regression,random_forest,commercial-crew-milestone,visual_vs_peak,-9.446359070587144e-05,5.468456997940181e-06
regression,random_forest,commercial-crew-milestone,speech_vs_peak,-1.38382309118427e-05,7.978682382704152e-06
regression,random_forest,commercial-crew-milestone,fused_vs_peak,-0.0026967934609031796,0.0001621435869110712
regression,random_forest,commercial-crew-milestone,local_rank_fused,2.9994685815983486e-05,1.5382665866501456e-05
regression,random_forest,commercial-crew-milestone,scene_cuts_near,-0.0002882085636680039,0.00020135923891756216
regression,random_forest,commercial-crew-milestone,keyword_overlap,-3.612471601935341e-05,3.20751784162369e-05
regression,random_forest,commercial-crew-milestone,keyword_overlap_near,0.009068170951344259,0.003233634359234616
regression,gradient_boosting,commercial-crew-milestone,visual_raw,0.0007744747032762215,0.00015953405216471978
regression,gradient_boosting,commercial-crew-milestone,speech_raw,0.002908850242996632,0.0004746720930620843
regression,gradient_boosting,commercial-crew-milestone,visual_norm,0.0012443879046690753,8.66088073636356e-05
regression,gradient_boosting,commercial-crew-milestone,speech_norm,0.0009004083573287321,6.668580285261301e-05
regression,gradient_boosting,commercial-crew-milestone,fused_baseline,0.0003785292685363299,3.5188682627077466e-05
regression,gradient_boosting,commercial-crew-milestone,visual_z,-0.0005935813607436576,0.00017620409829129877
regression,gradient_boosting,commercial-crew-milestone,speech_z,0.004451280357236326,0.0009945435206158112
regression,gradient_boosting,commercial-crew-milestone,visual_rank,0.001853474953835273,0.00043403031756967034
regression,gradient_boosting,commercial-crew-milestone,speech_rank,0.0006002831442038318,0.00021973051097168175
regression,gradient_boosting,commercial-crew-milestone,visual_smooth,0.0003626006496387964,0.0001367327119977722
regression,gradient_boosting,commercial-crew-milestone,speech_smooth,0.00042066000958635813,0.00016791102735054143
regression,gradient_boosting,commercial-crew-milestone,frame_change,0.00020264442327260398,0.00020504695830590163
regression,gradient_boosting,commercial-crew-milestone,in_speech,0.0,0.0
regression,gradient_boosting,commercial-crew-milestone,rel_pos,0.001335356044075947,0.0013365307525779002
regression,gradient_boosting,commercial-crew-milestone,query_words,0.00036880722980187075,0.00043110982836798976
regression,gradient_boosting,commercial-crew-milestone,visual_near,0.0010043840548112914,3.345682814554736e-05
regression,gradient_boosting,commercial-crew-milestone,speech_near,0.0004278312462955384,8.049164705271311e-05
regression,gradient_boosting,commercial-crew-milestone,visual_wide,-0.0009430022001456392,0.00012685156975123042
regression,gradient_boosting,commercial-crew-milestone,speech_wide,-0.0008861007742529681,0.00016351861744068823
regression,gradient_boosting,commercial-crew-milestone,fused_smooth,-0.0014826702934310672,1.0485232176682868e-05
regression,gradient_boosting,commercial-crew-milestone,fused_near,-0.001322682479867841,0.0005777181574748672
regression,gradient_boosting,commercial-crew-milestone,visual_peak_dist,0.0006191295789762241,0.0009517547479977432
regression,gradient_boosting,commercial-crew-milestone,speech_peak_dist,0.0603813712176677,0.003353389277797676
regression,gradient_boosting,commercial-crew-milestone,fused_peak_dist,0.004197416593790841,0.002679971217470106
regression,gradient_boosting,commercial-crew-milestone,visual_vs_peak,0.0002827330934490335,3.375953101622666e-05
regression,gradient_boosting,commercial-crew-milestone,speech_vs_peak,0.0,0.0
regression,gradient_boosting,commercial-crew-milestone,fused_vs_peak,-0.00054409461889011,4.2827720482401626e-05
regression,gradient_boosting,commercial-crew-milestone,local_rank_fused,0.0011054705117261772,0.00010350557250869413
regression,gradient_boosting,commercial-crew-milestone,scene_cuts_near,-0.00042121098756776426,0.00020396319647051768
regression,gradient_boosting,commercial-crew-milestone,keyword_overlap,0.00046483220614591353,5.050199406814867e-05
regression,gradient_boosting,commercial-crew-milestone,keyword_overlap_near,0.001427673710444897,0.0011378067494821642
classification,logistic,commercial-crew-milestone,visual_raw,0.00019913136576773147,0.00022836745540713918
classification,logistic,commercial-crew-milestone,speech_raw,0.000675985420438637,0.0014461398272938501
classification,logistic,commercial-crew-milestone,visual_norm,0.032811474525347196,0.001669429462045605
classification,logistic,commercial-crew-milestone,speech_norm,0.02268640223176477,0.004795294167800319
classification,logistic,commercial-crew-milestone,fused_baseline,0.03615245073526848,0.0013599921438216041
classification,logistic,commercial-crew-milestone,visual_z,0.15267590974201714,0.022374714705503843
classification,logistic,commercial-crew-milestone,speech_z,0.6104597316467243,0.01764916164853476
classification,logistic,commercial-crew-milestone,visual_rank,0.00048249581411415515,0.0009196040893307287
classification,logistic,commercial-crew-milestone,speech_rank,0.018973244629580128,0.004972279706788344
classification,logistic,commercial-crew-milestone,visual_smooth,0.0025800803659828953,0.0008480137526542574
classification,logistic,commercial-crew-milestone,speech_smooth,0.004066625462689803,0.0024158358463269793
classification,logistic,commercial-crew-milestone,frame_change,-0.000329495144835749,0.0006307615817495349
classification,logistic,commercial-crew-milestone,in_speech,0.0015460420674724047,0.0006386133255276047
classification,logistic,commercial-crew-milestone,rel_pos,-0.0012043621602245702,0.005016681750150017
classification,logistic,commercial-crew-milestone,query_words,0.014091508847156672,0.0027055136155783362
classification,logistic,commercial-crew-milestone,visual_near,-0.0022904542044566525,0.0009057901191491969
classification,logistic,commercial-crew-milestone,speech_near,0.000895709751969472,0.002349001161921257
classification,logistic,commercial-crew-milestone,visual_wide,0.0227677949893386,0.005036979742970028
classification,logistic,commercial-crew-milestone,speech_wide,0.23563002918108975,0.005552680600654353
classification,logistic,commercial-crew-milestone,fused_smooth,0.008268981960560806,0.0021571295413293154
classification,logistic,commercial-crew-milestone,fused_near,-0.00025672325164420123,0.00039120555539758994
classification,logistic,commercial-crew-milestone,visual_peak_dist,-0.0019215831624925794,0.001490592456658661
classification,logistic,commercial-crew-milestone,speech_peak_dist,0.022738351449105187,0.002899033375357022
classification,logistic,commercial-crew-milestone,fused_peak_dist,-0.0008428274987963466,0.0003868214911076933
classification,logistic,commercial-crew-milestone,visual_vs_peak,0.006995936314124984,0.0009551054428409701
classification,logistic,commercial-crew-milestone,speech_vs_peak,0.0017334273231961832,0.002884407036328047
classification,logistic,commercial-crew-milestone,fused_vs_peak,0.004025364344229916,0.0012363964768361848
classification,logistic,commercial-crew-milestone,local_rank_fused,0.007636186459724452,0.003598339053220933
classification,logistic,commercial-crew-milestone,scene_cuts_near,0.0019362198400079504,0.0010662685118273346
classification,logistic,commercial-crew-milestone,keyword_overlap,-0.0021035823257133934,0.001340275852177884
classification,logistic,commercial-crew-milestone,keyword_overlap_near,0.03162077389202034,0.003912337307673719
classification,knn,commercial-crew-milestone,visual_raw,-0.0011017030169990043,0.0027855664916505603
classification,knn,commercial-crew-milestone,speech_raw,-0.0026050905621378684,0.002883924487909352
classification,knn,commercial-crew-milestone,visual_norm,-0.0019244867441660467,0.0015511081965652819
classification,knn,commercial-crew-milestone,speech_norm,-0.0010751720499228752,0.0019342265855108289
classification,knn,commercial-crew-milestone,fused_baseline,-0.003904325256294028,0.00018542605313717764
classification,knn,commercial-crew-milestone,visual_z,-0.00411248175497229,0.002033323703868896
classification,knn,commercial-crew-milestone,speech_z,0.007996848380403376,0.0028005477997000705
classification,knn,commercial-crew-milestone,visual_rank,0.00039207775403219774,0.0016532774262932
classification,knn,commercial-crew-milestone,speech_rank,0.004996857720054426,0.0016395285695952012
classification,knn,commercial-crew-milestone,visual_smooth,-0.002657272196360213,0.0013341705929902621
classification,knn,commercial-crew-milestone,speech_smooth,-0.0019790687851214406,0.0005471983841856267
classification,knn,commercial-crew-milestone,frame_change,0.00027631786531619645,0.0011018325265264837
classification,knn,commercial-crew-milestone,in_speech,-0.00018133530805590029,0.00020795718477004861
classification,knn,commercial-crew-milestone,rel_pos,0.004756705877544065,0.002199133735882307
classification,knn,commercial-crew-milestone,query_words,0.010506669306441693,0.002040031832710913
classification,knn,commercial-crew-milestone,visual_near,0.0028834075124981964,0.0016507022891690578
classification,knn,commercial-crew-milestone,speech_near,0.008336203943940154,0.0010905702912520382
classification,knn,commercial-crew-milestone,visual_wide,0.009133341725560129,0.0024142274569768285
classification,knn,commercial-crew-milestone,speech_wide,0.03474419618843513,0.0008642045892976299
classification,knn,commercial-crew-milestone,fused_smooth,-0.007648949832826528,0.0007537034562878577
classification,knn,commercial-crew-milestone,fused_near,0.001998594971471183,0.001713406973598237
classification,knn,commercial-crew-milestone,visual_peak_dist,0.0005686744138173605,0.0020690746286905525
classification,knn,commercial-crew-milestone,speech_peak_dist,0.005194399987357934,0.0012163855100380868
classification,knn,commercial-crew-milestone,fused_peak_dist,0.0026927187914776627,0.0021603570917128894
classification,knn,commercial-crew-milestone,visual_vs_peak,-0.0028634838656388384,0.0015195331668646775
classification,knn,commercial-crew-milestone,speech_vs_peak,-0.004254249566905233,0.0017650918063920186
classification,knn,commercial-crew-milestone,fused_vs_peak,-0.008490359732415484,0.0007992903156870989
classification,knn,commercial-crew-milestone,local_rank_fused,0.01826009396776011,0.003061252260544917
classification,knn,commercial-crew-milestone,scene_cuts_near,0.00039755767597097574,0.0012636619894540657
classification,knn,commercial-crew-milestone,keyword_overlap,-0.005839443433736324,0.0015328401713365968
classification,knn,commercial-crew-milestone,keyword_overlap_near,0.024543508277584003,0.004344736221641618
classification,gradient_boosting,commercial-crew-milestone,visual_raw,-0.00029504286555944353,0.00015000960791156074
classification,gradient_boosting,commercial-crew-milestone,speech_raw,-0.0034885881918792494,0.0007821035002270587
classification,gradient_boosting,commercial-crew-milestone,visual_norm,0.0004035055835633535,0.001242986134339527
classification,gradient_boosting,commercial-crew-milestone,speech_norm,0.0025336796246148894,0.0005725077813396908
classification,gradient_boosting,commercial-crew-milestone,fused_baseline,0.001030600749797476,0.00036366923175859
classification,gradient_boosting,commercial-crew-milestone,visual_z,0.010128332909994672,0.0007274496244576568
classification,gradient_boosting,commercial-crew-milestone,speech_z,0.05289471242255376,0.006089127381463901
classification,gradient_boosting,commercial-crew-milestone,visual_rank,0.013891562906272803,0.002812088345315209
classification,gradient_boosting,commercial-crew-milestone,speech_rank,0.008922956563964468,0.0020923803692128352
classification,gradient_boosting,commercial-crew-milestone,visual_smooth,0.0015752665293782646,0.0004984415025489726
classification,gradient_boosting,commercial-crew-milestone,speech_smooth,5.2757644037670914e-05,0.00012572272454157486
classification,gradient_boosting,commercial-crew-milestone,frame_change,-0.0012240531289277416,0.0009329517785921654
classification,gradient_boosting,commercial-crew-milestone,in_speech,0.0,0.0
classification,gradient_boosting,commercial-crew-milestone,rel_pos,-0.004238974650129494,0.007156871093799163
classification,gradient_boosting,commercial-crew-milestone,query_words,0.004578853259726919,0.0014673119119615753
classification,gradient_boosting,commercial-crew-milestone,visual_near,0.005033076802743526,0.0014926324179940357
classification,gradient_boosting,commercial-crew-milestone,speech_near,0.0007048497513889584,0.0005559976307706415
classification,gradient_boosting,commercial-crew-milestone,visual_wide,0.012380768897725547,0.0028287076041945145
classification,gradient_boosting,commercial-crew-milestone,speech_wide,0.09263516021625591,0.005806380576442605
classification,gradient_boosting,commercial-crew-milestone,fused_smooth,0.022253052544243184,0.007799413250000205
classification,gradient_boosting,commercial-crew-milestone,fused_near,0.06120543583210843,0.00702696556704925
classification,gradient_boosting,commercial-crew-milestone,visual_peak_dist,0.011636277621793423,0.008013464094371868
classification,gradient_boosting,commercial-crew-milestone,speech_peak_dist,0.1701659024563892,0.005611216563531766
classification,gradient_boosting,commercial-crew-milestone,fused_peak_dist,0.0472702694011338,0.011285022804445825
classification,gradient_boosting,commercial-crew-milestone,visual_vs_peak,-0.00024721974384718976,0.0003699290281285058
classification,gradient_boosting,commercial-crew-milestone,speech_vs_peak,-0.0006356125528683328,0.0003739049465785611
classification,gradient_boosting,commercial-crew-milestone,fused_vs_peak,0.0007839709024265821,0.0004944363842021359
classification,gradient_boosting,commercial-crew-milestone,local_rank_fused,0.008294927634062033,0.0010087503526280887
classification,gradient_boosting,commercial-crew-milestone,scene_cuts_near,0.0019438683571001425,0.0008051101482055976
classification,gradient_boosting,commercial-crew-milestone,keyword_overlap,0.001863346780039928,0.0006633739102885538
classification,gradient_boosting,commercial-crew-milestone,keyword_overlap_near,0.031438582699916985,0.007036515441356008
regression,ridge,cosmic-phenomenon,visual_raw,-9.150839712342614e-05,2.0409321582118106e-05
regression,ridge,cosmic-phenomenon,speech_raw,-0.0049348815217881425,0.0007645012135053766
regression,ridge,cosmic-phenomenon,visual_norm,0.003009885606317375,0.0002928455166869259
regression,ridge,cosmic-phenomenon,speech_norm,0.0007306407356179323,0.0008066372656878819
regression,ridge,cosmic-phenomenon,fused_baseline,0.006363178263283069,0.0007887551958490759
regression,ridge,cosmic-phenomenon,visual_z,0.0673052241472253,0.0019385736398860511
regression,ridge,cosmic-phenomenon,speech_z,0.20842846201209375,0.010025984910488462
regression,ridge,cosmic-phenomenon,visual_rank,0.00837290073228969,0.0008456569204231013
regression,ridge,cosmic-phenomenon,speech_rank,0.0031878108521591897,0.0008990045749702962
regression,ridge,cosmic-phenomenon,visual_smooth,0.008669131439745218,0.0007386727929450203
regression,ridge,cosmic-phenomenon,speech_smooth,-0.005359361856733552,0.000776580306012812
regression,ridge,cosmic-phenomenon,frame_change,-2.156425858518274e-06,1.9643087770051065e-05
regression,ridge,cosmic-phenomenon,in_speech,0.012457233531629364,0.001190976618398236
regression,ridge,cosmic-phenomenon,rel_pos,0.002900027760648386,0.00020678016118054457
regression,ridge,cosmic-phenomenon,query_words,0.0011639987439351722,0.000254741649050447
regression,ridge,cosmic-phenomenon,visual_near,0.0018532181336524216,0.00019566118096011635
regression,ridge,cosmic-phenomenon,speech_near,-0.005441967036041097,0.0008856914220168767
regression,ridge,cosmic-phenomenon,visual_wide,0.02847309115446776,0.0014443489381514175
regression,ridge,cosmic-phenomenon,speech_wide,0.1552334828450976,0.004180388405407324
regression,ridge,cosmic-phenomenon,fused_smooth,-0.001202033421258769,4.938897768123074e-05
regression,ridge,cosmic-phenomenon,fused_near,-0.0037373759148202714,0.00028872651416889957
regression,ridge,cosmic-phenomenon,visual_peak_dist,0.0003344153576013975,2.1311876939832003e-05
regression,ridge,cosmic-phenomenon,speech_peak_dist,0.005255288208653175,0.0002930601893065775
regression,ridge,cosmic-phenomenon,fused_peak_dist,0.0006152595883379316,3.6314202926785955e-05
regression,ridge,cosmic-phenomenon,visual_vs_peak,-0.00046477629296381995,0.0003446356763813156
regression,ridge,cosmic-phenomenon,speech_vs_peak,0.03563817765199756,0.0023135375306311884
regression,ridge,cosmic-phenomenon,fused_vs_peak,-0.0028429223982642804,0.000321877665702357
regression,ridge,cosmic-phenomenon,local_rank_fused,0.00023105822165642165,7.92331245346119e-05
regression,ridge,cosmic-phenomenon,scene_cuts_near,0.00036934080203673836,0.0002190131997767999
regression,ridge,cosmic-phenomenon,keyword_overlap,0.004305909475406396,0.0007567869139070284
regression,ridge,cosmic-phenomenon,keyword_overlap_near,0.1033976326065386,0.004208127062811588
regression,random_forest,cosmic-phenomenon,visual_raw,-1.0072019995588377e-05,4.316484262638378e-05
regression,random_forest,cosmic-phenomenon,speech_raw,-8.906710483277958e-05,2.097701343097862e-05
regression,random_forest,cosmic-phenomenon,visual_norm,2.146401544185957e-07,8.603132833258025e-06
regression,random_forest,cosmic-phenomenon,speech_norm,0.0002503384150711885,0.000158860466216755
regression,random_forest,cosmic-phenomenon,fused_baseline,-1.0495416567187407e-05,5.111418419522765e-06
regression,random_forest,cosmic-phenomenon,visual_z,-6.986255574603639e-06,5.3902761507430044e-05
regression,random_forest,cosmic-phenomenon,speech_z,0.0023569351200393163,0.0006824136024162191
regression,random_forest,cosmic-phenomenon,visual_rank,-3.856026811445886e-05,3.5492754395585116e-05
regression,random_forest,cosmic-phenomenon,speech_rank,-8.558176842330771e-05,0.00019083145752453638
regression,random_forest,cosmic-phenomenon,visual_smooth,9.400677615663729e-05,2.58001651838462e-05
regression,random_forest,cosmic-phenomenon,speech_smooth,-1.501584958926716e-05,2.1948526917178445e-05
regression,random_forest,cosmic-phenomenon,frame_change,7.320707135086146e-05,5.9595060955694595e-06
regression,random_forest,cosmic-phenomenon,in_speech,0.0,0.0
regression,random_forest,cosmic-phenomenon,rel_pos,0.006811599331870144,0.0012194181800328884
regression,random_forest,cosmic-phenomenon,query_words,5.180346848277876e-05,8.79758016450218e-05
regression,random_forest,cosmic-phenomenon,visual_near,-0.00014962302696692556,5.45342082858222e-05
regression,random_forest,cosmic-phenomenon,speech_near,0.0011735086518621558,0.00024030797907192977
regression,random_forest,cosmic-phenomenon,visual_wide,-0.0012831336254267207,0.0003963288443983023
regression,random_forest,cosmic-phenomenon,speech_wide,0.01160972643905428,0.0010267285454562353
regression,random_forest,cosmic-phenomenon,fused_smooth,2.609225142057488e-05,8.358070012341861e-05
regression,random_forest,cosmic-phenomenon,fused_near,0.02712077184767452,0.001113159351266832
regression,random_forest,cosmic-phenomenon,visual_peak_dist,0.002482402743148269,0.0009883659653441334
regression,random_forest,cosmic-phenomenon,speech_peak_dist,0.12507667379982285,0.007397631367896255
regression,random_forest,cosmic-phenomenon,fused_peak_dist,0.055766006290730315,0.0038884732618317108
regression,random_forest,cosmic-phenomenon,visual_vs_peak,-0.00019983501431244943,2.511176405549128e-05
regression,random_forest,cosmic-phenomenon,speech_vs_peak,-1.190454541425782e-08,2.1835243962354933e-05
regression,random_forest,cosmic-phenomenon,fused_vs_peak,0.00014384032362703877,1.2970828048889488e-05
regression,random_forest,cosmic-phenomenon,local_rank_fused,7.908847135503401e-05,1.9909718143925283e-05
regression,random_forest,cosmic-phenomenon,scene_cuts_near,0.0009085406879413652,0.0002096640540083882
regression,random_forest,cosmic-phenomenon,keyword_overlap,-1.4430888062152055e-05,7.143087232334045e-06
regression,random_forest,cosmic-phenomenon,keyword_overlap_near,0.04377895986319952,0.002578472622303149
regression,gradient_boosting,cosmic-phenomenon,visual_raw,0.00012863709842439452,0.00014870631094613524
regression,gradient_boosting,cosmic-phenomenon,speech_raw,-0.0014759128151591583,0.0008024363901678572
regression,gradient_boosting,cosmic-phenomenon,visual_norm,0.0011387588214311257,0.0001348440470369855
regression,gradient_boosting,cosmic-phenomenon,speech_norm,-0.0020798529006248365,0.0001677031333105515
regression,gradient_boosting,cosmic-phenomenon,fused_baseline,8.052609892566139e-05,4.5099931016844405e-05
regression,gradient_boosting,cosmic-phenomenon,visual_z,0.0012282775677147268,0.00029631854967206953
regression,gradient_boosting,cosmic-phenomenon,speech_z,0.010068457019254943,0.0007055911129277864
regression,gradient_boosting,cosmic-phenomenon,visual_rank,-0.00040579279352467856,0.0004191608162212036
regression,gradient_boosting,cosmic-phenomenon,speech_rank,-0.000414803690777001,6.928432374548707e-06
regression,gradient_boosting,cosmic-phenomenon,visual_smooth,-0.00016456840314843513,0.00010262552530795823
regression,gradient_boosting,cosmic-phenomenon,speech_smooth,-3.5796867667849584e-05,0.0001584412650708325
regression,gradient_boosting,cosmic-phenomenon,frame_change,0.0003817385740096472,0.00024171396937011606
regression,gradient_boosting,cosmic-phenomenon,in_speech,0.0,0.0
regression,gradient_boosting,cosmic-phenomenon,rel_pos,0.0031750744726304994,0.0013110929876294657
regression,gradient_boosting,cosmic-phenomenon,query_words,0.0024086410172146355,0.00019992601542880343
regression,gradient_boosting,cosmic-phenomenon,visual_near,0.0003735605853697939,4.0901918199055485e-05
regression,gradient_boosting,cosmic-phenomenon,speech_near,0.0005712163836264494,0.00020180474851543822
regression,gradient_boosting,cosmic-phenomenon,visual_wide,0.003930422507152087,0.0008315579499279254
regression,gradient_boosting,cosmic-phenomenon,speech_wide,0.016032001341537327,0.0005111813425691438
regression,gradient_boosting,cosmic-phenomenon,fused_smooth,6.309410892815781e-05,1.177000156643851e-05
regression,gradient_boosting,cosmic-phenomenon,fused_near,0.02413392914420363,0.0006924113097352773
regression,gradient_boosting,cosmic-phenomenon,visual_peak_dist,0.003851711936611879,0.0006785028206673764
regression,gradient_boosting,cosmic-phenomenon,speech_peak_dist,0.117842111132631,0.004856249153450537
regression,gradient_boosting,cosmic-phenomenon,fused_peak_dist,0.036468439233579654,0.0020971674622620997
regression,gradient_boosting,cosmic-phenomenon,visual_vs_peak,1.2307098153844601e-05,4.80495890722336e-05
regression,gradient_boosting,cosmic-phenomenon,speech_vs_peak,2.9055870785499316e-05,2.5154669273234723e-05
regression,gradient_boosting,cosmic-phenomenon,fused_vs_peak,0.0007833257167161137,0.0003074226606094532
regression,gradient_boosting,cosmic-phenomenon,local_rank_fused,0.0024011686932911926,0.00025520320191476655
regression,gradient_boosting,cosmic-phenomenon,scene_cuts_near,0.0009487118104178535,0.00012304175822452971
regression,gradient_boosting,cosmic-phenomenon,keyword_overlap,-0.0004787344486809249,8.943243612278867e-05
regression,gradient_boosting,cosmic-phenomenon,keyword_overlap_near,0.027752896087475398,0.0011300667544217324
classification,logistic,cosmic-phenomenon,visual_raw,-0.00019617481446883764,9.413947439819335e-05
classification,logistic,cosmic-phenomenon,speech_raw,-0.0014917783395622664,0.0033613502588853445
classification,logistic,cosmic-phenomenon,visual_norm,0.06805972252380554,0.00985079323317381
classification,logistic,cosmic-phenomenon,speech_norm,-3.1876252994944565e-06,0.006630647051310666
classification,logistic,cosmic-phenomenon,fused_baseline,0.03749581018402818,0.009855740287380739
classification,logistic,cosmic-phenomenon,visual_z,0.13860886403713016,0.008847647654361435
classification,logistic,cosmic-phenomenon,speech_z,0.5949457607062172,0.027580294927986297
classification,logistic,cosmic-phenomenon,visual_rank,-0.001945036936543243,0.0005343390786649484
classification,logistic,cosmic-phenomenon,speech_rank,0.004183871982876434,0.007934595669228479
classification,logistic,cosmic-phenomenon,visual_smooth,-0.0008516665290027037,0.0021248009052432745
classification,logistic,cosmic-phenomenon,speech_smooth,-0.00021773701488392305,0.0002817186423903267
classification,logistic,cosmic-phenomenon,frame_change,-0.0006162137523767856,0.0008967252518994177
classification,logistic,cosmic-phenomenon,in_speech,0.033554894190867136,0.005232038788406064
classification,logistic,cosmic-phenomenon,rel_pos,0.008171393119227951,0.0038547509429080616
classification,logistic,cosmic-phenomenon,query_words,0.006509415680154469,0.0010267496338046468
classification,logistic,cosmic-phenomenon,visual_near,0.0008826738085763175,0.0028344334735057384
classification,logistic,cosmic-phenomenon,speech_near,0.0010962040958874357,0.0033714451966814765
classification,logistic,cosmic-phenomenon,visual_wide,0.016923142271821196,0.004744771095927224
classification,logistic,cosmic-phenomenon,speech_wide,0.29891189803688994,0.02156755885560382
classification,logistic,cosmic-phenomenon,fused_smooth,0.0018498686760501555,0.001590854516460113
classification,logistic,cosmic-phenomenon,fused_near,0.0005732082091425283,0.0006561882753247304
classification,logistic,cosmic-phenomenon,visual_peak_dist,0.0034276567223568977,0.0029931082821489266
classification,logistic,cosmic-phenomenon,speech_peak_dist,0.025143991140639366,0.00788314702869031
classification,logistic,cosmic-phenomenon,fused_peak_dist,0.0008236538240297501,0.0006577961504192856
classification,logistic,cosmic-phenomenon,visual_vs_peak,-0.00019851732311537695,5.668546892749044e-05
classification,logistic,cosmic-phenomenon,speech_vs_peak,0.0008850381041425326,0.00036381516479154307
classification,logistic,cosmic-phenomenon,fused_vs_peak,4.5429757243716416e-05,0.00020900428054460506
classification,logistic,cosmic-phenomenon,local_rank_fused,0.004486421732940893,0.0016034454098454824
classification,logistic,cosmic-phenomenon,scene_cuts_near,-0.002393603950430867,0.0015638944826417383
classification,logistic,cosmic-phenomenon,keyword_overlap,0.0020721127073415335,0.0009136327095467259
classification,logistic,cosmic-phenomenon,keyword_overlap_near,0.02120996961523114,0.0090847948319012
classification,knn,cosmic-phenomenon,visual_raw,-0.002628576851060512,0.0017089794111705564
classification,knn,cosmic-phenomenon,speech_raw,-0.005301574538883765,0.0009785378789307249
classification,knn,cosmic-phenomenon,visual_norm,-0.002491173752642221,0.0007325362804957643
classification,knn,cosmic-phenomenon,speech_norm,0.009492926406164096,0.0022920824623493398
classification,knn,cosmic-phenomenon,fused_baseline,0.002500317465350658,0.0007512606650626865
classification,knn,cosmic-phenomenon,visual_z,-0.003286551802882287,0.0015010819195147853
classification,knn,cosmic-phenomenon,speech_z,0.005699515367357059,0.0013664973959110946
classification,knn,cosmic-phenomenon,visual_rank,0.0016360189466065138,0.004041052569775993
classification,knn,cosmic-phenomenon,speech_rank,0.007302814005327507,0.000956715262044916
classification,knn,cosmic-phenomenon,visual_smooth,-0.006080360438749303,0.0011870073181147872
classification,knn,cosmic-phenomenon,speech_smooth,0.0035853903743553093,0.0018092162408766112
classification,knn,cosmic-phenomenon,frame_change,0.004609228254801441,0.0013461655401924362
classification,knn,cosmic-phenomenon,in_speech,-0.00225261431199734,0.0006652095910427954
classification,knn,cosmic-phenomenon,rel_pos,0.02230396154108853,0.0009803005392761716
classification,knn,cosmic-phenomenon,query_words,-0.003409393327754621,0.004011861823149054
classification,knn,cosmic-phenomenon,visual_near,-0.007967064300571702,0.004395790471706447
classification,knn,cosmic-phenomenon,speech_near,0.01256380334072397,0.0006720517413980025
classification,knn,cosmic-phenomenon,visual_wide,-0.0015124714796260763,0.002376015160268852
classification,knn,cosmic-phenomenon,speech_wide,0.03953454295551887,0.00253148369273836
classification,knn,cosmic-phenomenon,fused_smooth,-0.002605484764432786,0.0012223689826750769
classification,knn,cosmic-phenomenon,fused_near,-0.0010720096360645377,0.0024884636878788283
classification,knn,cosmic-phenomenon,visual_peak_dist,0.003950654074618883,0.001038570951108412
classification,knn,cosmic-phenomenon,speech_peak_dist,0.0042439748249181175,0.001339064657991094
classification,knn,cosmic-phenomenon,fused_peak_dist,0.0042045491686437675,0.0018245395090595192
classification,knn,cosmic-phenomenon,visual_vs_peak,-0.007156559608138879,0.0013241405591592724
classification,knn,cosmic-phenomenon,speech_vs_peak,0.003263676747992217,0.0002607323828093196
classification,knn,cosmic-phenomenon,fused_vs_peak,-0.004561477601917274,0.0005082678634395269
classification,knn,cosmic-phenomenon,local_rank_fused,0.010473112261239925,0.002352723217972734
classification,knn,cosmic-phenomenon,scene_cuts_near,-0.0024809895289392334,0.00232543136085486
classification,knn,cosmic-phenomenon,keyword_overlap,-0.0032456150780101334,0.0024854000616105322
classification,knn,cosmic-phenomenon,keyword_overlap_near,0.010404568358099072,0.0032377200815321243
classification,gradient_boosting,cosmic-phenomenon,visual_raw,0.0022861497336636263,0.0012125642550869181
classification,gradient_boosting,cosmic-phenomenon,speech_raw,-0.005852764799366916,0.0008194467252976741
classification,gradient_boosting,cosmic-phenomenon,visual_norm,0.0012861235904852997,0.0005820692858431918
classification,gradient_boosting,cosmic-phenomenon,speech_norm,-0.00032546764204111067,0.0003569001163446495
classification,gradient_boosting,cosmic-phenomenon,fused_baseline,0.012190615497781184,0.0024167570586222345
classification,gradient_boosting,cosmic-phenomenon,visual_z,-0.002592615920965824,0.0012188839178635892
classification,gradient_boosting,cosmic-phenomenon,speech_z,0.01841017194684491,0.0028341748715187695
classification,gradient_boosting,cosmic-phenomenon,visual_rank,-0.0047166771950444275,0.003061416638855551
classification,gradient_boosting,cosmic-phenomenon,speech_rank,0.008343742176756744,0.001401560515388507
classification,gradient_boosting,cosmic-phenomenon,visual_smooth,-0.00032893865884072354,0.00018144408070542293
classification,gradient_boosting,cosmic-phenomenon,speech_smooth,7.52385096426389e-05,0.0004603579775980645
classification,gradient_boosting,cosmic-phenomenon,frame_change,0.0018441017116430647,0.0007840506785086561
classification,gradient_boosting,cosmic-phenomenon,in_speech,0.0,0.0
classification,gradient_boosting,cosmic-phenomenon,rel_pos,0.011347239653337208,0.008139974185565595
classification,gradient_boosting,cosmic-phenomenon,query_words,0.0053440157642383745,0.002890944786539061
classification,gradient_boosting,cosmic-phenomenon,visual_near,-0.0010293274651635616,0.0029742445663794993
classification,gradient_boosting,cosmic-phenomenon,speech_near,-0.0006639912817216764,0.0004773966767752889
classification,gradient_boosting,cosmic-phenomenon,visual_wide,0.00888017449191599,0.0035569368577646025
classification,gradient_boosting,cosmic-phenomenon,speech_wide,0.01664417945787311,0.008652434077754411
classification,gradient_boosting,cosmic-phenomenon,fused_smooth,-0.0005244806921869497,0.0055577279534377135
classification,gradient_boosting,cosmic-phenomenon,fused_near,0.01635009361736957,0.0101027127787691
classification,gradient_boosting,cosmic-phenomenon,visual_peak_dist,0.0006093337486633802,0.0009946122826888385
classification,gradient_boosting,cosmic-phenomenon,speech_peak_dist,0.15507062460331322,0.014083751278433514
classification,gradient_boosting,cosmic-phenomenon,fused_peak_dist,0.03133640020817744,0.01021074678030751
classification,gradient_boosting,cosmic-phenomenon,visual_vs_peak,0.0,0.0
classification,gradient_boosting,cosmic-phenomenon,speech_vs_peak,1.9603789907766494e-05,1.598226699542582e-05
classification,gradient_boosting,cosmic-phenomenon,fused_vs_peak,-0.00026520134386665006,0.0015744323776001742
classification,gradient_boosting,cosmic-phenomenon,local_rank_fused,0.006576771666718144,0.0028056943830608817
classification,gradient_boosting,cosmic-phenomenon,scene_cuts_near,0.00229408510983801,0.0020817325189155336
classification,gradient_boosting,cosmic-phenomenon,keyword_overlap,-0.0003498110686377028,0.00018904155908494735
classification,gradient_boosting,cosmic-phenomenon,keyword_overlap_near,0.018220729469664798,0.003144323008879317
regression,ridge,hubble-exoplanet,visual_raw,-0.0009463735327455333,0.00016107141884844946
regression,ridge,hubble-exoplanet,speech_raw,-0.0023511664155496936,0.0009912095541358013
regression,ridge,hubble-exoplanet,visual_norm,-0.001336899672740292,0.0008988240253115387
regression,ridge,hubble-exoplanet,speech_norm,0.015009478879445148,0.001879877464318118
regression,ridge,hubble-exoplanet,fused_baseline,0.008598385379791443,0.002378971161161107
regression,ridge,hubble-exoplanet,visual_z,0.08143121315435421,0.0028827249018627595
regression,ridge,hubble-exoplanet,speech_z,0.20911652184141993,0.00448420248923677
regression,ridge,hubble-exoplanet,visual_rank,0.00474849132046574,0.0016094447588536809
regression,ridge,hubble-exoplanet,speech_rank,0.0193641115765238,0.0023704620850812396
regression,ridge,hubble-exoplanet,visual_smooth,0.004771029226021878,0.00046613409954208084
regression,ridge,hubble-exoplanet,speech_smooth,-0.003605391837780081,0.0007234214146180121
regression,ridge,hubble-exoplanet,frame_change,-9.718549150624274e-07,2.6110145737209016e-06
regression,ridge,hubble-exoplanet,in_speech,0.014588666004242015,0.0004685386879705455
regression,ridge,hubble-exoplanet,rel_pos,-0.0011483229877415808,0.00021367819782270594
regression,ridge,hubble-exoplanet,query_words,0.001439785642400132,8.11433283033801e-05
regression,ridge,hubble-exoplanet,visual_near,0.002017514229793608,0.0002351426120279497
regression,ridge,hubble-exoplanet,speech_near,0.0004968609103498852,0.0011786550115793534
regression,ridge,hubble-exoplanet,visual_wide,0.03544790235990128,0.0014406275012938262
regression,ridge,hubble-exoplanet,speech_wide,0.14176408733239623,0.0033677206384945158
regression,ridge,hubble-exoplanet,fused_smooth,-0.0014445970963397707,0.00019272241595477674
regression,ridge,hubble-exoplanet,fused_near,-0.0032774135397389825,0.0008280606483259314
regression,ridge,hubble-exoplanet,visual_peak_dist,0.0003612941033441323,3.545120116341974e-05
regression,ridge,hubble-exoplanet,speech_peak_dist,0.004916421002153347,0.0004578357609737457
regression,ridge,hubble-exoplanet,fused_peak_dist,0.0006869515794119078,8.026252736364306e-05
regression,ridge,hubble-exoplanet,visual_vs_peak,-0.0004853487560392,8.521669820509781e-05
regression,ridge,hubble-exoplanet,speech_vs_peak,0.01661159041301265,0.0008312326810450561
regression,ridge,hubble-exoplanet,fused_vs_peak,-0.0028225921714673343,0.0008743134981050182
regression,ridge,hubble-exoplanet,local_rank_fused,0.0004518280911566715,7.601970406012486e-05
regression,ridge,hubble-exoplanet,scene_cuts_near,0.0003143478734571233,5.6066223674529576e-05
regression,ridge,hubble-exoplanet,keyword_overlap,-0.00033464511456171575,0.0011768751945762461
regression,ridge,hubble-exoplanet,keyword_overlap_near,0.07196344467862836,0.0015740400671304452
regression,random_forest,hubble-exoplanet,visual_raw,3.9840959851581793e-05,7.39476551848571e-05
regression,random_forest,hubble-exoplanet,speech_raw,-1.03740395821413e-05,3.6900201614156396e-05
regression,random_forest,hubble-exoplanet,visual_norm,-6.562694969680649e-06,9.513266149630528e-06
regression,random_forest,hubble-exoplanet,speech_norm,2.0740003094488202e-05,7.802004248296303e-05
regression,random_forest,hubble-exoplanet,fused_baseline,0.000173411703114551,3.3015386173730615e-05
regression,random_forest,hubble-exoplanet,visual_z,-0.00018401391868573072,2.1060704622578345e-05
regression,random_forest,hubble-exoplanet,speech_z,0.004245545818637758,0.0005637976033772541
regression,random_forest,hubble-exoplanet,visual_rank,-0.0008720329084868453,8.951027731902414e-05
regression,random_forest,hubble-exoplanet,speech_rank,-0.00019068875024768248,0.00042063773169643106
regression,random_forest,hubble-exoplanet,visual_smooth,9.38935779763265e-06,5.809576718346176e-06
regression,random_forest,hubble-exoplanet,speech_smooth,1.4242200104754485e-05,5.292512924590357e-05
regression,random_forest,hubble-exoplanet,frame_change,7.476697981441867e-05,6.252961979701561e-05
regression,random_forest,hubble-exoplanet,in_speech,0.0,0.0
regression,random_forest,hubble-exoplanet,rel_pos,-0.004322364522103689,0.0011355975562632717
regression,random_forest,hubble-exoplanet,query_words,-0.0002610881162901091,8.10893666782252e-05
regression,random_forest,hubble-exoplanet,visual_near,9.437449430706643e-06,6.108254244503126e-05
regression,random_forest,hubble-exoplanet,speech_near,0.0006908152747440999,0.00031678830820698806
regression,random_forest,hubble-exoplanet,visual_wide,-0.0010415471179123132,0.0006802332027509734
regression,random_forest,hubble-exoplanet,speech_wide,0.00884618822523949,0.0009588657775414959
regression,random_forest,hubble-exoplanet,fused_smooth,-5.7505134646427626e-05,3.3232470175464666e-05
regression,random_forest,hubble-exoplanet,fused_near,0.026045911359330248,0.0007923237826068183
regression,random_forest,hubble-exoplanet,visual_peak_dist,-0.0018042279205607858,0.000778816137318529
regression,random_forest,hubble-exoplanet,speech_peak_dist,0.1098524220612213,0.002546708667646198
regression,random_forest,hubble-exoplanet,fused_peak_dist,0.031383274832051146,0.001995152847399973
regression,random_forest,hubble-exoplanet,visual_vs_peak,0.00010135991614818966,7.547896481017748e-05
regression,random_forest,hubble-exoplanet,speech_vs_peak,-1.0137558740861788e-05,5.043013614514917e-05
regression,random_forest,hubble-exoplanet,fused_vs_peak,0.000397679696784059,5.155905289033683e-05
regression,random_forest,hubble-exoplanet,local_rank_fused,-1.6818915510817083e-05,1.2896249187360818e-05
regression,random_forest,hubble-exoplanet,scene_cuts_near,6.891474968768556e-05,7.852701445420656e-05
regression,random_forest,hubble-exoplanet,keyword_overlap,9.149323397385685e-05,0.0001656506012320803
regression,random_forest,hubble-exoplanet,keyword_overlap_near,0.022050487050966516,0.001971552203935121
regression,gradient_boosting,hubble-exoplanet,visual_raw,0.0003505297339192748,0.0004829451523966942
regression,gradient_boosting,hubble-exoplanet,speech_raw,0.0003961884073796403,0.00020333624939177078
regression,gradient_boosting,hubble-exoplanet,visual_norm,-0.00018663618200939758,0.000254104336831973
regression,gradient_boosting,hubble-exoplanet,speech_norm,0.00016660666997759624,0.00014138500265761843
regression,gradient_boosting,hubble-exoplanet,fused_baseline,2.562694404731336e-05,1.996895411322004e-05
regression,gradient_boosting,hubble-exoplanet,visual_z,0.00644045526381055,0.0010318193021172214
regression,gradient_boosting,hubble-exoplanet,speech_z,0.010937791667410435,0.00176909997561656
regression,gradient_boosting,hubble-exoplanet,visual_rank,0.0030791731676034495,0.000725065139506952
regression,gradient_boosting,hubble-exoplanet,speech_rank,-0.0003510324078398926,0.0004669502835364049
regression,gradient_boosting,hubble-exoplanet,visual_smooth,0.0005732427874793148,0.00014736386540080122
regression,gradient_boosting,hubble-exoplanet,speech_smooth,-4.077189248082499e-05,0.00022800109973198716
regression,gradient_boosting,hubble-exoplanet,frame_change,0.00019867872991487698,5.563828091515163e-05
regression,gradient_boosting,hubble-exoplanet,in_speech,0.0,0.0
regression,gradient_boosting,hubble-exoplanet,rel_pos,-0.0010995427060179568,0.0011264542994556088
regression,gradient_boosting,hubble-exoplanet,query_words,0.001684171172039774,0.0001946874544775532
regression,gradient_boosting,hubble-exoplanet,visual_near,-0.00010292302837033862,2.0926347244017756e-05
regression,gradient_boosting,hubble-exoplanet,speech_near,0.00030871298333926916,0.0002023212139116213
regression,gradient_boosting,hubble-exoplanet,visual_wide,0.0037976037278682206,0.0006743508618763924
regression,gradient_boosting,hubble-exoplanet,speech_wide,0.012276487981417885,0.0009036059271126094
regression,gradient_boosting,hubble-exoplanet,fused_smooth,-3.8392511177348654e-05,2.0255662446324068e-05
regression,gradient_boosting,hubble-exoplanet,fused_near,0.015805375604697663,0.000624502580938259
regression,gradient_boosting,hubble-exoplanet,visual_peak_dist,0.002961914072873264,0.00021068474624949616
regression,gradient_boosting,hubble-exoplanet,speech_peak_dist,0.09953728854783099,0.00277777107555166
regression,gradient_boosting,hubble-exoplanet,fused_peak_dist,0.029390851301105293,0.0020132341611260648
regression,gradient_boosting,hubble-exoplanet,visual_vs_peak,-1.414925682896584e-06,3.652685404977151e-05
regression,gradient_boosting,hubble-exoplanet,speech_vs_peak,-2.8117045778893363e-05,4.634537031052846e-06
regression,gradient_boosting,hubble-exoplanet,fused_vs_peak,-2.6422701230321977e-06,7.67205325092088e-06
regression,gradient_boosting,hubble-exoplanet,local_rank_fused,0.002224418503142663,0.00024064684467115527
regression,gradient_boosting,hubble-exoplanet,scene_cuts_near,0.000654699186929758,0.0002100378591862296
regression,gradient_boosting,hubble-exoplanet,keyword_overlap,-7.484871245530544e-05,3.060558717734355e-05
regression,gradient_boosting,hubble-exoplanet,keyword_overlap_near,0.018085681010743926,0.0017666823962568573
classification,logistic,hubble-exoplanet,visual_raw,0.004826257529219206,0.0027018155299396336
classification,logistic,hubble-exoplanet,speech_raw,-4.9797486923279045e-05,0.0009016701043402846
classification,logistic,hubble-exoplanet,visual_norm,0.0110844362415529,0.005805079354422945
classification,logistic,hubble-exoplanet,speech_norm,0.007498962078891484,0.0031134087320207147
classification,logistic,hubble-exoplanet,fused_baseline,0.008851467551767689,0.005731625801490056
classification,logistic,hubble-exoplanet,visual_z,0.20855395425723766,0.010444327743548445
classification,logistic,hubble-exoplanet,speech_z,0.5566605307146352,0.0182257092345716
classification,logistic,hubble-exoplanet,visual_rank,0.00461886286970666,0.00236316810963908
classification,logistic,hubble-exoplanet,speech_rank,0.020953481103849536,0.005818449993299711
classification,logistic,hubble-exoplanet,visual_smooth,-0.0010708744923051776,0.0004718184570651657
classification,logistic,hubble-exoplanet,speech_smooth,0.011241970097803589,0.002499370419932513
classification,logistic,hubble-exoplanet,frame_change,1.8651447588354426e-05,0.0010770618887731382
classification,logistic,hubble-exoplanet,in_speech,0.013301002830017561,0.000977608137996759
classification,logistic,hubble-exoplanet,rel_pos,-0.01426816939612611,0.0022963342148522438
classification,logistic,hubble-exoplanet,query_words,0.014406046271746834,0.0015454261151470333
classification,logistic,hubble-exoplanet,visual_near,0.0061215244029159495,0.0018735970812844376
classification,logistic,hubble-exoplanet,speech_near,-0.0023054387153278086,0.003058374619117814
classification,logistic,hubble-exoplanet,visual_wide,0.05811270329509499,0.0033696574833942624
classification,logistic,hubble-exoplanet,speech_wide,0.23951603500609375,0.014497614590078058
classification,logistic,hubble-exoplanet,fused_smooth,0.0028986964567126647,0.0006502871794124916
classification,logistic,hubble-exoplanet,fused_near,-0.0011373626842693385,0.0006779539445871872
classification,logistic,hubble-exoplanet,visual_peak_dist,0.002261370970240558,0.0016232280597720315
classification,logistic,hubble-exoplanet,speech_peak_dist,0.031430352741828704,0.008119664436976835
classification,logistic,hubble-exoplanet,fused_peak_dist,0.000698876135833304,0.0005050659617161168
classification,logistic,hubble-exoplanet,visual_vs_peak,0.010461089316148938,0.0035559198808028814
classification,logistic,hubble-exoplanet,speech_vs_peak,-0.0062289740032296,0.0022603885368189607
classification,logistic,hubble-exoplanet,fused_vs_peak,0.0019642971530177133,0.0006150968046158353
classification,logistic,hubble-exoplanet,local_rank_fused,0.002189956711379152,0.0010263107520151794
classification,logistic,hubble-exoplanet,scene_cuts_near,0.005402075216508151,0.0015202667546956458
classification,logistic,hubble-exoplanet,keyword_overlap,-0.001747483656250548,0.0010683403680460995
classification,logistic,hubble-exoplanet,keyword_overlap_near,0.038485962828699725,0.0015149062410212686
classification,knn,hubble-exoplanet,visual_raw,-0.008006041169014525,0.001416893691615174
classification,knn,hubble-exoplanet,speech_raw,-0.0008670675720081622,0.0023480632735125373
classification,knn,hubble-exoplanet,visual_norm,-0.004354024949920432,0.0003007599077986029
classification,knn,hubble-exoplanet,speech_norm,-0.005289294987055178,0.0010685836879255305
classification,knn,hubble-exoplanet,fused_baseline,-0.0013065261249542992,0.00016974020275107814
classification,knn,hubble-exoplanet,visual_z,-0.0019282903852999578,0.002219432926739117
classification,knn,hubble-exoplanet,speech_z,-0.006396105450131843,0.0013955596212055388
classification,knn,hubble-exoplanet,visual_rank,-0.0016399649441561175,0.0018694007399969815
classification,knn,hubble-exoplanet,speech_rank,-0.0048727982759881145,0.0017149598661895607
classification,knn,hubble-exoplanet,visual_smooth,-0.008346731871009686,0.0035393158434155175
classification,knn,hubble-exoplanet,speech_smooth,-0.006862857099102282,0.0011029434991346248
classification,knn,hubble-exoplanet,frame_change,-0.0015811971743605973,0.0011583609965427305
classification,knn,hubble-exoplanet,in_speech,-0.0006923799515003992,0.00041938639779174567
classification,knn,hubble-exoplanet,rel_pos,-0.027554493349581672,0.001595590068565229
classification,knn,hubble-exoplanet,query_words,-0.002796281657606666,0.004078233374953188
classification,knn,hubble-exoplanet,visual_near,-0.014910531802655336,0.004531171011167194
classification,knn,hubble-exoplanet,speech_near,-0.0030713713415943347,0.0005340331058227308
classification,knn,hubble-exoplanet,visual_wide,-0.013673643331439611,0.00473337092877647
classification,knn,hubble-exoplanet,speech_wide,0.009164061266701403,0.001197502182551026
classification,knn,hubble-exoplanet,fused_smooth,-0.005674843125330842,0.0031424877877751626
classification,knn,hubble-exoplanet,fused_near,-0.008073243336544059,0.004927716501230748
classification,knn,hubble-exoplanet,visual_peak_dist,0.0010686947496533206,0.001363804336976494
classification,knn,hubble-exoplanet,speech_peak_dist,0.003950861009330435,0.0014788688882158949
classification,knn,hubble-exoplanet,fused_peak_dist,0.0033450356842935256,0.001658473363085871
classification,knn,hubble-exoplanet,visual_vs_peak,-0.00794957494805415,0.003462727215201038
classification,knn,hubble-exoplanet,speech_vs_peak,-0.0062013106494984704,0.0008823280599870424
classification,knn,hubble-exoplanet,fused_vs_peak,-0.008294816100988292,0.002949687298814984
classification,knn,hubble-exoplanet,local_rank_fused,0.0186571618476572,0.0006771223851872076
classification,knn,hubble-exoplanet,scene_cuts_near,-0.0031755674170506065,0.0038385923131323088
classification,knn,hubble-exoplanet,keyword_overlap,-0.00435886294289467,0.0008260009808249793
classification,knn,hubble-exoplanet,keyword_overlap_near,0.019928355892615063,0.0015146630553145059
classification,gradient_boosting,hubble-exoplanet,visual_raw,0.000720653316062451,0.00040783167489265965
classification,gradient_boosting,hubble-exoplanet,speech_raw,-0.0018794260871421626,0.000808183663415588
classification,gradient_boosting,hubble-exoplanet,visual_norm,-1.833526507259246e-05,0.00028823190474411254
classification,gradient_boosting,hubble-exoplanet,speech_norm,-0.0009719925764357281,0.0014086681015757856
classification,gradient_boosting,hubble-exoplanet,fused_baseline,-0.0014354022300682538,0.0011746202659333569
classification,gradient_boosting,hubble-exoplanet,visual_z,0.007348521026237694,0.0019234482097390403
classification,gradient_boosting,hubble-exoplanet,speech_z,0.02011353411231298,0.004862688981588203
classification,gradient_boosting,hubble-exoplanet,visual_rank,0.006029868507291554,0.003871784187478603
classification,gradient_boosting,hubble-exoplanet,speech_rank,-0.005494181427322498,0.001749582120230028
classification,gradient_boosting,hubble-exoplanet,visual_smooth,0.0011028437493328935,3.647978754996419e-05
classification,gradient_boosting,hubble-exoplanet,speech_smooth,0.0,0.0
classification,gradient_boosting,hubble-exoplanet,frame_change,-0.0009053948226173855,0.00028875052486620757
classification,gradient_boosting,hubble-exoplanet,in_speech,0.0,0.0
classification,gradient_boosting,hubble-exoplanet,rel_pos,-0.00306747098378272,0.00566663360257508
classification,gradient_boosting,hubble-exoplanet,query_words,0.006998565496935523,0.0008977880608140461
classification,gradient_boosting,hubble-exoplanet,visual_near,0.003748135898835011,0.0005109864891145266
classification,gradient_boosting,hubble-exoplanet,speech_near,0.0010236697882057093,0.0024308883543441356
classification,gradient_boosting,hubble-exoplanet,visual_wide,0.006089057869578103,0.004863744221821723
classification,gradient_boosting,hubble-exoplanet,speech_wide,0.05499312522404768,0.0006469612668021783
classification,gradient_boosting,hubble-exoplanet,fused_smooth,0.013303442202642754,0.004113485797075664
classification,gradient_boosting,hubble-exoplanet,fused_near,0.023140259157591287,0.004151431258363947
classification,gradient_boosting,hubble-exoplanet,visual_peak_dist,-0.004712871538336327,0.001735739996982334
classification,gradient_boosting,hubble-exoplanet,speech_peak_dist,0.17365003970379098,0.013973433870859503
classification,gradient_boosting,hubble-exoplanet,fused_peak_dist,0.02875763321830027,0.0075041931051857145
classification,gradient_boosting,hubble-exoplanet,visual_vs_peak,0.0,0.0
classification,gradient_boosting,hubble-exoplanet,speech_vs_peak,-3.700743415417188e-17,5.233641528945917e-17
classification,gradient_boosting,hubble-exoplanet,fused_vs_peak,-0.0035084068384996594,0.0007763457156193419
classification,gradient_boosting,hubble-exoplanet,local_rank_fused,0.0008548145495476852,0.0007084708021569937
classification,gradient_boosting,hubble-exoplanet,scene_cuts_near,0.004733447121284133,0.0009218698139508497
classification,gradient_boosting,hubble-exoplanet,keyword_overlap,0.0012462503272758403,0.0008077842756548286
classification,gradient_boosting,hubble-exoplanet,keyword_overlap_near,0.01979862386523168,0.004246503025918709
regression,ridge,mars-mission-briefed,visual_raw,0.0001839516448515118,2.1379493404221685e-05
regression,ridge,mars-mission-briefed,speech_raw,-0.0045615966014735665,0.0003505456869737167
regression,ridge,mars-mission-briefed,visual_norm,-0.0008637118826373691,0.0010450289343230637
regression,ridge,mars-mission-briefed,speech_norm,0.007057753537789711,0.0010097920607229983
regression,ridge,mars-mission-briefed,fused_baseline,0.0010974075257649818,0.001236296673920697
regression,ridge,mars-mission-briefed,visual_z,0.09010122696212547,0.0037103256598414788
regression,ridge,mars-mission-briefed,speech_z,0.21965311738768303,0.002095555515759213
regression,ridge,mars-mission-briefed,visual_rank,0.002371058016623323,0.001190346860440342
regression,ridge,mars-mission-briefed,speech_rank,0.01263826839308855,0.0009799038611309915
regression,ridge,mars-mission-briefed,visual_smooth,0.011703513917162114,0.0010787764216969964
regression,ridge,mars-mission-briefed,speech_smooth,-0.004980497746774402,6.019189454236211e-05
regression,ridge,mars-mission-briefed,frame_change,-7.790445332352587e-08,8.42485167050038e-06
regression,ridge,mars-mission-briefed,in_speech,0.00624406410964599,0.00015970292959523134
regression,ridge,mars-mission-briefed,rel_pos,0.0007233758186639775,0.0004845435757166818
regression,ridge,mars-mission-briefed,query_words,0.0007704590044868009,4.080458382777842e-05
regression,ridge,mars-mission-briefed,visual_near,0.0025413644514643377,0.00034168997996997165
regression,ridge,mars-mission-briefed,speech_near,-0.003450287689270609,0.000613584851958314
regression,ridge,mars-mission-briefed,visual_wide,0.033191375259539135,0.002248658526496858
regression,ridge,mars-mission-briefed,speech_wide,0.11762594586339019,0.0031786639259364555
regression,ridge,mars-mission-briefed,fused_smooth,0.00028513114378915977,2.2294120930010167e-05
regression,ridge,mars-mission-briefed,fused_near,-0.005781322416843047,0.0006734427644977463
regression,ridge,mars-mission-briefed,visual_peak_dist,0.000348254645003145,3.510675110231196e-06
regression,ridge,mars-mission-briefed,speech_peak_dist,0.004458984665624767,0.00019993861392141838
regression,ridge,mars-mission-briefed,fused_peak_dist,0.0005453854664589178,2.75298956941025e-05
regression,ridge,mars-mission-briefed,visual_vs_peak,-0.002926526083980252,0.0007747950252326401
regression,ridge,mars-mission-briefed,speech_vs_peak,0.0182169256832163,0.0004532235065696246
regression,ridge,mars-mission-briefed,fused_vs_peak,-0.005859673465190017,0.0009953907824456019
regression,ridge,mars-mission-briefed,local_rank_fused,0.0009986414643922137,8.243086303620971e-05
regression,ridge,mars-mission-briefed,scene_cuts_near,-0.00024335868208258393,0.00015661602007008618
regression,ridge,mars-mission-briefed,keyword_overlap,-0.0021477957789743374,0.00039210990939019517
regression,ridge,mars-mission-briefed,keyword_overlap_near,0.072200470283949,0.0024626649657907176
regression,random_forest,mars-mission-briefed,visual_raw,-0.00010067519763383899,4.434331957466598e-05
regression,random_forest,mars-mission-briefed,speech_raw,-0.00033325871688182535,9.173644767326274e-05
regression,random_forest,mars-mission-briefed,visual_norm,-6.108687919625007e-05,3.3119672166505428e-06
regression,random_forest,mars-mission-briefed,speech_norm,0.00012323338628382938,0.00011620407524153645
regression,random_forest,mars-mission-briefed,fused_baseline,9.857357946461512e-06,7.339000879815565e-06
regression,random_forest,mars-mission-briefed,visual_z,-0.00031279025302327623,3.3197411970907354e-05
regression,random_forest,mars-mission-briefed,speech_z,0.008922100515546474,0.0010568084744208284
regression,random_forest,mars-mission-briefed,visual_rank,4.949094341622865e-05,4.784024035396641e-05
regression,random_forest,mars-mission-briefed,speech_rank,0.0022382489526534544,0.0005017794576924068
regression,random_forest,mars-mission-briefed,visual_smooth,6.133749025731087e-06,1.603250336280476e-05
regression,random_forest,mars-mission-briefed,speech_smooth,-5.996045189563907e-06,5.054547093820723e-06
regression,random_forest,mars-mission-briefed,frame_change,0.00010391886908626506,0.00011458114152305388
regression,random_forest,mars-mission-briefed,in_speech,0.0,0.0
regression,random_forest,mars-mission-briefed,rel_pos,0.0028005317443555076,0.0007673714762216928
regression,random_forest,mars-mission-briefed,query_words,2.716820056899068e-05,8.181346476086999e-05
regression,random_forest,mars-mission-briefed,visual_near,-0.0002842788711994078,0.00012829747793873623
regression,random_forest,mars-mission-briefed,speech_near,0.0012147650426472627,0.00010927588925087224
regression,random_forest,mars-mission-briefed,visual_wide,-0.007084939557944388,0.0004510620986352528
regression,random_forest,mars-mission-briefed,speech_wide,0.0029512716063263647,0.0010353301576500947
regression,random_forest,mars-mission-briefed,fused_smooth,1.6625897909979443e-05,3.116979310580229e-05
regression,random_forest,mars-mission-briefed,fused_near,0.020925006294941633,0.0020222724426756764
regression,random_forest,mars-mission-briefed,visual_peak_dist,-0.0014395797412935878,0.0005292926860529663
regression,random_forest,mars-mission-briefed,speech_peak_dist,0.12404365379321063,0.0035725462915090675
regression,random_forest,mars-mission-briefed,fused_peak_dist,0.016628549950390748,0.0017251627126166056
regression,random_forest,mars-mission-briefed,visual_vs_peak,-9.205739665478034e-05,1.9598110993749264e-05
regression,random_forest,mars-mission-briefed,speech_vs_peak,3.180593520046848e-05,1.2291985247874569e-05
regression,random_forest,mars-mission-briefed,fused_vs_peak,0.0007688211673704352,4.6075163721021713e-05
regression,random_forest,mars-mission-briefed,local_rank_fused,-1.241437194959838e-05,3.5245610743728044e-05
regression,random_forest,mars-mission-briefed,scene_cuts_near,0.0015923464621435308,0.0003471173539983
regression,random_forest,mars-mission-briefed,keyword_overlap,-7.660095542103932e-06,6.321032995924455e-06
regression,random_forest,mars-mission-briefed,keyword_overlap_near,0.013219967115414335,0.0009124184383483365
regression,gradient_boosting,mars-mission-briefed,visual_raw,0.00029111705646687563,7.380862977754474e-05
regression,gradient_boosting,mars-mission-briefed,speech_raw,0.0021180380105534635,0.00020991223976092493
regression,gradient_boosting,mars-mission-briefed,visual_norm,0.0007647495489995678,5.7779863057032617e-05
regression,gradient_boosting,mars-mission-briefed,speech_norm,0.0004537113593106971,6.852389539201525e-05
regression,gradient_boosting,mars-mission-briefed,fused_baseline,1.660797985362598e-05,3.390375241923134e-05
regression,gradient_boosting,mars-mission-briefed,visual_z,0.00258387514324628,0.0003443185413560024
regression,gradient_boosting,mars-mission-briefed,speech_z,0.013265688306771625,0.0007862028615407963
regression,gradient_boosting,mars-mission-briefed,visual_rank,0.0024197095343745367,0.0002029499759107482
regression,gradient_boosting,mars-mission-briefed,speech_rank,0.0015639052580957897,0.0003598084982143604
regression,gradient_boosting,mars-mission-briefed,visual_smooth,0.0004064933235149633,9.283741902258808e-05
regression,gradient_boosting,mars-mission-briefed,speech_smooth,1.1607498448399737e-05,4.6163115362386326e-06
regression,gradient_boosting,mars-mission-briefed,frame_change,5.604783764336559e-05,0.0001093589394724995
regression,gradient_boosting,mars-mission-briefed,in_speech,0.0,0.0
regression,gradient_boosting,mars-mission-briefed,rel_pos,0.0036753368057602285,0.00019813408825277215
regression,gradient_boosting,mars-mission-briefed,query_words,0.001780725886763988,0.00033848303993098955
regression,gradient_boosting,mars-mission-briefed,visual_near,-2.171480483190158e-05,3.1610287283179475e-05
regression,gradient_boosting,mars-mission-briefed,speech_near,0.0011686531958254864,0.00022601563131931408
regression,gradient_boosting,mars-mission-briefed,visual_wide,-0.0006500198429110297,0.0006122801260692418
regression,gradient_boosting,mars-mission-briefed,speech_wide,0.0035114628469475793,0.0005238549271941828
regression,gradient_boosting,mars-mission-briefed,fused_smooth,0.0001223318514065134,4.4017063867767434e-05
regression,gradient_boosting,mars-mission-briefed,fused_near,0.017197118856326677,0.001538865067442741
regression,gradient_boosting,mars-mission-briefed,visual_peak_dist,0.001535993485516492,0.0004423707039680078
regression,gradient_boosting,mars-mission-briefed,speech_peak_dist,0.11677406135091827,0.0011613938554977579
regression,gradient_boosting,mars-mission-briefed,fused_peak_dist,0.018536520439596443,0.0010404918173426423
regression,gradient_boosting,mars-mission-briefed,visual_vs_peak,0.0007076527376952043,8.673232778214738e-05
regression,gradient_boosting,mars-mission-briefed,speech_vs_peak,-5.7047693910257845e-05,2.211471344142865e-05
regression,gradient_boosting,mars-mission-briefed,fused_vs_peak,-7.426221068587702e-05,7.393693792021807e-05
regression,gradient_boosting,mars-mission-briefed,local_rank_fused,0.00041000902828164376,0.00016941431349878932
regression,gradient_boosting,mars-mission-briefed,scene_cuts_near,0.001725285629939723,0.00030312117120635866
regression,gradient_boosting,mars-mission-briefed,keyword_overlap,-0.00013821636646717725,3.566936912988393e-05
regression,gradient_boosting,mars-mission-briefed,keyword_overlap_near,0.014466841664058566,0.001985606215374123
classification,logistic,mars-mission-briefed,visual_raw,0.005742398692321331,0.0011517106891252653
classification,logistic,mars-mission-briefed,speech_raw,-0.010338753717611207,0.0015367959264422784
classification,logistic,mars-mission-briefed,visual_norm,0.047533571932456185,0.0071851514296838465
classification,logistic,mars-mission-briefed,speech_norm,-0.003329320925245738,0.002146116701086726
classification,logistic,mars-mission-briefed,fused_baseline,0.005190860949190412,0.0017503242677305107
classification,logistic,mars-mission-briefed,visual_z,0.30238032390809694,0.013649878455661877
classification,logistic,mars-mission-briefed,speech_z,0.6929090197686908,0.004564309778046317
classification,logistic,mars-mission-briefed,visual_rank,0.011432783496450605,0.002690569301695493
classification,logistic,mars-mission-briefed,speech_rank,0.00374838829169466,0.0029082065528979453
classification,logistic,mars-mission-briefed,visual_smooth,0.0031085529770214317,0.0014875145548595458
classification,logistic,mars-mission-briefed,speech_smooth,0.016880109872563942,0.0019277470734671148
classification,logistic,mars-mission-briefed,frame_change,0.0005575345062829676,0.00032824253719839446
classification,logistic,mars-mission-briefed,in_speech,0.014121768727178815,0.0015323366018966567
classification,logistic,mars-mission-briefed,rel_pos,0.00751552536210857,0.002429898005244723
classification,logistic,mars-mission-briefed,query_words,0.006424154491680471,0.002297611523694764
classification,logistic,mars-mission-briefed,visual_near,0.011445126525546042,0.0052627292945289575
classification,logistic,mars-mission-briefed,speech_near,-0.0018847739108541761,0.001587989083181447
classification,logistic,mars-mission-briefed,visual_wide,0.04326369823020404,0.015935267615945294
classification,logistic,mars-mission-briefed,speech_wide,0.285712821599479,0.023948690516093704
classification,logistic,mars-mission-briefed,fused_smooth,0.010435177986532854,0.0023269304720874226
classification,logistic,mars-mission-briefed,fused_near,-0.0007188161797883804,6.366257790907087e-05
classification,logistic,mars-mission-briefed,visual_peak_dist,-0.002092433825283272,0.002603712395049602
classification,logistic,mars-mission-briefed,speech_peak_dist,0.01742230821747574,0.00526226187891148
classification,logistic,mars-mission-briefed,fused_peak_dist,-0.0005788755933877251,0.0008387833681382557
classification,logistic,mars-mission-briefed,visual_vs_peak,0.002328497020836188,0.0014839383158656162
classification,logistic,mars-mission-briefed,speech_vs_peak,-0.007458926417340213,0.0011557181102201301
classification,logistic,mars-mission-briefed,fused_vs_peak,0.005626424886654362,0.0020409558297349783
classification,logistic,mars-mission-briefed,local_rank_fused,-0.012640372405012775,0.0007384492543549495
classification,logistic,mars-mission-briefed,scene_cuts_near,-1.2190504761496376e-05,0.0025447104196535133
classification,logistic,mars-mission-briefed,keyword_overlap,-0.012060768514135808,0.0015043298013304091
classification,logistic,mars-mission-briefed,keyword_overlap_near,0.0598295803204613,0.0021112873994329202
classification,knn,mars-mission-briefed,visual_raw,-0.0041802863553052445,0.0012710782889710558
classification,knn,mars-mission-briefed,speech_raw,0.004333742561650126,0.0032729517501522932
classification,knn,mars-mission-briefed,visual_norm,-0.009297885022810629,0.0015151359692056525
classification,knn,mars-mission-briefed,speech_norm,0.003495909569656619,0.002541856350029229
classification,knn,mars-mission-briefed,fused_baseline,-0.006277278867449702,0.0004916329484201926
classification,knn,mars-mission-briefed,visual_z,-0.0005895841473469258,0.0010870077199604143
classification,knn,mars-mission-briefed,speech_z,0.007282202275017043,0.003878078141847881
classification,knn,mars-mission-briefed,visual_rank,0.0018936393390494022,0.001995462620344923
classification,knn,mars-mission-briefed,speech_rank,-0.00010868033639092427,0.002053416722802325
classification,knn,mars-mission-briefed,visual_smooth,-0.0017225376594004842,0.000597262108050571
classification,knn,mars-mission-briefed,speech_smooth,0.0037752805676598924,0.0016616610615464834
classification,knn,mars-mission-briefed,frame_change,-0.001647366205777286,0.0012463505470230486
classification,knn,mars-mission-briefed,in_speech,8.109762662766862e-05,0.001034261413708426
classification,knn,mars-mission-briefed,rel_pos,-0.00534116777905073,0.0013629940633187866
classification,knn,mars-mission-briefed,query_words,0.0015336674796753897,0.003893925805062869
classification,knn,mars-mission-briefed,visual_near,0.0016609966382021464,0.0011118977389836559
classification,knn,mars-mission-briefed,speech_near,0.00750605245248052,0.0016756969514013461
classification,knn,mars-mission-briefed,visual_wide,0.006514952298208532,0.004004974322832008
classification,knn,mars-mission-briefed,speech_wide,0.019538682402530465,0.0024700104545269754
classification,knn,mars-mission-briefed,fused_smooth,0.0007667632505292307,0.0018989834663849503
classification,knn,mars-mission-briefed,fused_near,0.004064228973578388,0.0012110400037285095
classification,knn,mars-mission-briefed,visual_peak_dist,0.002409627691163633,0.000798304118990215
classification,knn,mars-mission-briefed,speech_peak_dist,0.0008732462462552881,0.0002120067135111958
classification,knn,mars-mission-briefed,fused_peak_dist,0.0016773392633789852,0.0004939980093928196
classification,knn,mars-mission-briefed,visual_vs_peak,-0.004999880977799205,0.0006855793265204413
classification,knn,mars-mission-briefed,speech_vs_peak,0.004338923757506589,0.0028131617961829783
classification,knn,mars-mission-briefed,fused_vs_peak,-0.0010425881638432462,0.002617706235440161
classification,knn,mars-mission-briefed,local_rank_fused,0.005589308458657645,0.005762886728208159
classification,knn,mars-mission-briefed,scene_cuts_near,-0.001656061492306793,0.00341281116280093
classification,knn,mars-mission-briefed,keyword_overlap,-0.004102586032401101,0.0015116067787570265
classification,knn,mars-mission-briefed,keyword_overlap_near,0.025800093246006628,0.0016717794506432855
classification,gradient_boosting,mars-mission-briefed,visual_raw,-0.0013205973268782811,0.0013105468802563638
classification,gradient_boosting,mars-mission-briefed,speech_raw,0.0026678662679120446,0.00021020911346721194
classification,gradient_boosting,mars-mission-briefed,visual_norm,0.001252175157054077,0.00031837062739960173
classification,gradient_boosting,mars-mission-briefed,speech_norm,-0.002433742993358005,0.0030545559552353748
classification,gradient_boosting,mars-mission-briefed,fused_baseline,0.0005138697583084717,0.0009877918488256127
classification,gradient_boosting,mars-mission-briefed,visual_z,0.0005563213536159776,0.0020138323182244382
classification,gradient_boosting,mars-mission-briefed,speech_z,0.07593402265889142,0.004166109172990028
classification,gradient_boosting,mars-mission-briefed,visual_rank,0.004461209859648078,0.0004682598234307711
classification,gradient_boosting,mars-mission-briefed,speech_rank,0.00891404544419235,0.001109436843122606
classification,gradient_boosting,mars-mission-briefed,visual_smooth,5.162689891754132e-05,5.233641533820125e-17
classification,gradient_boosting,mars-mission-briefed,speech_smooth,0.0016237364737726374,0.00012809527894968974
classification,gradient_boosting,mars-mission-briefed,frame_change,-0.0005930655153739325,0.0006617472281733402
classification,gradient_boosting,mars-mission-briefed,in_speech,0.0,0.0
classification,gradient_boosting,mars-mission-briefed,rel_pos,0.016192315533946733,0.0047399416778624555
classification,gradient_boosting,mars-mission-briefed,query_words,0.01233451110349256,0.002345663336821713
classification,gradient_boosting,mars-mission-briefed,visual_near,-0.0016201219613728446,0.0003218925340151316
classification,gradient_boosting,mars-mission-briefed,speech_near,-0.004632649693672645,0.0008798970047957529
classification,gradient_boosting,mars-mission-briefed,visual_wide,0.004347663125799595,0.0028149830889346865
classification,gradient_boosting,mars-mission-briefed,speech_wide,0.07336576191470963,0.01281475208893103
classification,gradient_boosting,mars-mission-briefed,fused_smooth,0.01550252101556393,0.002819986772544403
classification,gradient_boosting,mars-mission-briefed,fused_near,0.025922550691509356,0.005617314501896758
classification,gradient_boosting,mars-mission-briefed,visual_peak_dist,-0.0007208387134299091,0.001133144722450047
classification,gradient_boosting,mars-mission-briefed,speech_peak_dist,0.23598372320380692,0.014183625224759824
classification,gradient_boosting,mars-mission-briefed,fused_peak_dist,0.020849072160866622,0.002006193137810995
classification,gradient_boosting,mars-mission-briefed,visual_vs_peak,-0.0018344095961619529,0.0004746237841484678
classification,gradient_boosting,mars-mission-briefed,speech_vs_peak,0.0,0.0
classification,gradient_boosting,mars-mission-briefed,fused_vs_peak,0.0006365310908723979,0.00043384748394086927
classification,gradient_boosting,mars-mission-briefed,local_rank_fused,-0.0023230046251482284,0.0019603800030946277
classification,gradient_boosting,mars-mission-briefed,scene_cuts_near,0.0005644346987183635,0.0018204893422322048
classification,gradient_boosting,mars-mission-briefed,keyword_overlap,0.00011928623927537352,0.00026584389251035055
classification,gradient_boosting,mars-mission-briefed,keyword_overlap_near,0.01676743939208125,0.0060906173679932665
regression,ridge,new-explorers-new-roadmap,visual_raw,-1.4298768284015662e-05,1.074132543833086e-06
regression,ridge,new-explorers-new-roadmap,speech_raw,-0.001020252173771626,0.0005585879989086429
regression,ridge,new-explorers-new-roadmap,visual_norm,0.0020887981237169007,0.0002491074139298466
regression,ridge,new-explorers-new-roadmap,speech_norm,0.010135485678179715,0.0009604717792365245
regression,ridge,new-explorers-new-roadmap,fused_baseline,0.006463312480701107,0.0005441130165016817
regression,ridge,new-explorers-new-roadmap,visual_z,0.08426962929383237,0.0009469858675471923
regression,ridge,new-explorers-new-roadmap,speech_z,0.21951290843574978,0.0026428688547127303
regression,ridge,new-explorers-new-roadmap,visual_rank,0.008754695759720118,0.0003825524019557805
regression,ridge,new-explorers-new-roadmap,speech_rank,0.0205482023952497,0.0008372398452644546
regression,ridge,new-explorers-new-roadmap,visual_smooth,0.012082552931950504,0.00040173397373536294
regression,ridge,new-explorers-new-roadmap,speech_smooth,-0.002516998844889281,0.0006861497864300131
regression,ridge,new-explorers-new-roadmap,frame_change,-2.99591851066483e-05,1.2002294837891499e-05
regression,ridge,new-explorers-new-roadmap,in_speech,0.018467380614633478,0.00038091593665587516
regression,ridge,new-explorers-new-roadmap,rel_pos,0.0006745835529098817,0.0003587471613883779
regression,ridge,new-explorers-new-roadmap,query_words,-0.0004073776440736421,8.295320775106778e-05
regression,ridge,new-explorers-new-roadmap,visual_near,0.0016966596239052223,9.550281642772036e-05
regression,ridge,new-explorers-new-roadmap,speech_near,0.0007144491134325007,0.0010031218241909779
regression,ridge,new-explorers-new-roadmap,visual_wide,0.02873525736545779,0.0006003508821199037
regression,ridge,new-explorers-new-roadmap,speech_wide,0.13650277199010594,0.00021476031016932264
regression,ridge,new-explorers-new-roadmap,fused_smooth,0.0011621755194896517,3.741398708593778e-05
regression,ridge,new-explorers-new-roadmap,fused_near,-0.003750796193327947,0.0002588676540235311
regression,ridge,new-explorers-new-roadmap,visual_peak_dist,0.0002038613199880912,1.2558045146362295e-05
regression,ridge,new-explorers-new-roadmap,speech_peak_dist,0.0066778575179028505,0.00029340612267912485
regression,ridge,new-explorers-new-roadmap,fused_peak_dist,0.0005971785519226039,3.7415403030732574e-05
regression,ridge,new-explorers-new-roadmap,visual_vs_peak,-0.0010813719765437786,0.00027013461513637207
regression,ridge,new-explorers-new-roadmap,speech_vs_peak,0.02327000494910388,0.0005488094061236503
regression,ridge,new-explorers-new-roadmap,fused_vs_peak,-0.00017707641539419874,0.00041621346251906474
regression,ridge,new-explorers-new-roadmap,local_rank_fused,0.0003506807859341432,1.6199825028825008e-05
regression,ridge,new-explorers-new-roadmap,scene_cuts_near,0.0003477546988127263,4.30620679323579e-05
regression,ridge,new-explorers-new-roadmap,keyword_overlap,-0.001481936267938096,0.00043859839032627467
regression,ridge,new-explorers-new-roadmap,keyword_overlap_near,0.079889763020063,0.0007411760759384968
regression,random_forest,new-explorers-new-roadmap,visual_raw,9.892046956034665e-05,1.9588929427739313e-05
regression,random_forest,new-explorers-new-roadmap,speech_raw,-6.215242789454438e-05,1.3741486361675463e-05
regression,random_forest,new-explorers-new-roadmap,visual_norm,-3.9444294943721814e-05,5.994957324045505e-06
regression,random_forest,new-explorers-new-roadmap,speech_norm,0.000872866846969291,7.632679622801177e-05
regression,random_forest,new-explorers-new-roadmap,fused_baseline,7.378761418149841e-05,3.5763767956189346e-06
regression,random_forest,new-explorers-new-roadmap,visual_z,-4.3384409686981575e-05,6.315773082079944e-05
regression,random_forest,new-explorers-new-roadmap,speech_z,0.00437394397390085,4.822812581017666e-05
regression,random_forest,new-explorers-new-roadmap,visual_rank,-2.821187133119259e-07,6.688119336829917e-05
regression,random_forest,new-explorers-new-roadmap,speech_rank,0.002535825321928406,0.00024185113822601542
regression,random_forest,new-explorers-new-roadmap,visual_smooth,1.6597539391145315e-05,1.594107646151031e-05
regression,random_forest,new-explorers-new-roadmap,speech_smooth,2.2802799335303974e-05,1.3392338794248022e-05
regression,random_forest,new-explorers-new-roadmap,frame_change,0.00010961364063546974,2.8471958680136238e-05
regression,random_forest,new-explorers-new-roadmap,in_speech,0.0,0.0
regression,random_forest,new-explorers-new-roadmap,rel_pos,0.0013054609538050987,0.00030709266716341335
regression,random_forest,new-explorers-new-roadmap,query_words,3.3872487585129285e-05,9.53081550679193e-05
regression,random_forest,new-explorers-new-roadmap,visual_near,1.6910556126759995e-05,5.4158664440944334e-05
regression,random_forest,new-explorers-new-roadmap,speech_near,9.761068488157536e-05,0.00027654466201667774
regression,random_forest,new-explorers-new-roadmap,visual_wide,0.0013901751096529562,0.0001849230907312893
regression,random_forest,new-explorers-new-roadmap,speech_wide,0.0044087186970660774,0.0014794733097188617
regression,random_forest,new-explorers-new-roadmap,fused_smooth,0.00019394153009380058,1.4930188497422486e-05
regression,random_forest,new-explorers-new-roadmap,fused_near,0.03271217596484893,0.000760997205063615
regression,random_forest,new-explorers-new-roadmap,visual_peak_dist,0.013667529425037664,0.0018341037026442279
regression,random_forest,new-explorers-new-roadmap,speech_peak_dist,0.12891006899579321,0.002242624148405744
regression,random_forest,new-explorers-new-roadmap,fused_peak_dist,0.06362121101772868,0.0027258112578753195
regression,random_forest,new-explorers-new-roadmap,visual_vs_peak,-1.7033049521215465e-05,1.8643427433918796e-05
regression,random_forest,new-explorers-new-roadmap,speech_vs_peak,5.0529371669087254e-05,1.0087713280390798e-05
regression,random_forest,new-explorers-new-roadmap,fused_vs_peak,0.0005666571447485724,0.00011399808064175775
regression,random_forest,new-explorers-new-roadmap,local_rank_fused,2.608358878358752e-06,1.4631745552706232e-05
regression,random_forest,new-explorers-new-roadmap,scene_cuts_near,0.0006865041127655744,0.0002671043212127953
regression,random_forest,new-explorers-new-roadmap,keyword_overlap,-3.605693881189587e-05,8.831297218368306e-06
regression,random_forest,new-explorers-new-roadmap,keyword_overlap_near,0.046305141306553416,0.0010461315917586545
regression,gradient_boosting,new-explorers-new-roadmap,visual_raw,0.0001309192720043567,6.908404942294668e-05
regression,gradient_boosting,new-explorers-new-roadmap,speech_raw,-0.0035860031656427724,0.0004273479625482712
regression,gradient_boosting,new-explorers-new-roadmap,visual_norm,-0.0007743682123957374,0.00014767304090316155
regression,gradient_boosting,new-explorers-new-roadmap,speech_norm,-0.002019162388025552,0.0001509725658607318
regression,gradient_boosting,new-explorers-new-roadmap,fused_baseline,-0.0003320831196610465,9.532634983243177e-05
regression,gradient_boosting,new-explorers-new-roadmap,visual_z,0.003980412210791558,0.0003636734123407449
regression,gradient_boosting,new-explorers-new-roadmap,speech_z,0.018591460410922852,0.00032272153677014167
regression,gradient_boosting,new-explorers-new-roadmap,visual_rank,0.001211219206962058,0.0002768500215520811
regression,gradient_boosting,new-explorers-new-roadmap,speech_rank,0.001612392460392002,0.00012340068485457923
regression,gradient_boosting,new-explorers-new-roadmap,visual_smooth,-0.00010544346929555748,4.6477505699542445e-05
regression,gradient_boosting,new-explorers-new-roadmap,speech_smooth,-0.0005667970674777164,7.737540381005878e-05
regression,gradient_boosting,new-explorers-new-roadmap,frame_change,0.00041269434619313483,6.224341339206385e-05
regression,gradient_boosting,new-explorers-new-roadmap,in_speech,0.0,0.0
regression,gradient_boosting,new-explorers-new-roadmap,rel_pos,0.0013477693153495136,0.0007060733492158776
regression,gradient_boosting,new-explorers-new-roadmap,query_words,-0.00017902719579301896,0.00015465494010048091
regression,gradient_boosting,new-explorers-new-roadmap,visual_near,0.00020444852976886826,1.8815900934161694e-05
regression,gradient_boosting,new-explorers-new-roadmap,speech_near,0.0012383719452749066,0.00020919723186507995
regression,gradient_boosting,new-explorers-new-roadmap,visual_wide,0.004088200361638913,0.0002585328724251493
regression,gradient_boosting,new-explorers-new-roadmap,speech_wide,0.009736423703578268,0.0003831014247117728
regression,gradient_boosting,new-explorers-new-roadmap,fused_smooth,0.0,0.0
regression,gradient_boosting,new-explorers-new-roadmap,fused_near,0.020440922063680343,0.00046259390740456926
regression,gradient_boosting,new-explorers-new-roadmap,visual_peak_dist,0.00879578826871102,0.0012845685472687206
regression,gradient_boosting,new-explorers-new-roadmap,speech_peak_dist,0.10747882341171926,0.0009098882977711624
regression,gradient_boosting,new-explorers-new-roadmap,fused_peak_dist,0.04917832676688468,0.0019850087643014124
regression,gradient_boosting,new-explorers-new-roadmap,visual_vs_peak,-4.474263659105341e-05,2.48910464844495e-05
regression,gradient_boosting,new-explorers-new-roadmap,speech_vs_peak,0.0,0.0
regression,gradient_boosting,new-explorers-new-roadmap,fused_vs_peak,0.0007774001704554714,0.00013221929270162549
regression,gradient_boosting,new-explorers-new-roadmap,local_rank_fused,0.002812628322371951,0.0003123350615298865
regression,gradient_boosting,new-explorers-new-roadmap,scene_cuts_near,0.001296309087985272,0.00022618531158964664
regression,gradient_boosting,new-explorers-new-roadmap,keyword_overlap,-0.0003154527208779438,9.213268355004902e-05
regression,gradient_boosting,new-explorers-new-roadmap,keyword_overlap_near,0.02360578741500113,0.00024058580247743783
classification,logistic,new-explorers-new-roadmap,visual_raw,-0.00011672118902320931,0.0009688441976989204
classification,logistic,new-explorers-new-roadmap,speech_raw,0.0022980392233441136,0.0024634709624460015
classification,logistic,new-explorers-new-roadmap,visual_norm,0.041980107873450634,0.0036877220856228626
classification,logistic,new-explorers-new-roadmap,speech_norm,0.01802849500366266,0.004449602791471215
classification,logistic,new-explorers-new-roadmap,fused_baseline,0.03284533276938295,0.002861747539392261
classification,logistic,new-explorers-new-roadmap,visual_z,0.14825716124955804,0.010142189026208096
classification,logistic,new-explorers-new-roadmap,speech_z,0.7006016554504991,0.011971070674110814
classification,logistic,new-explorers-new-roadmap,visual_rank,-4.210335818743971e-05,0.0007844301723319111
classification,logistic,new-explorers-new-roadmap,speech_rank,0.019143546157627183,0.003127780279897478
classification,logistic,new-explorers-new-roadmap,visual_smooth,-0.00010336986218221582,8.36699486161031e-05
classification,logistic,new-explorers-new-roadmap,speech_smooth,0.001861062699480646,0.002082623374671192
classification,logistic,new-explorers-new-roadmap,frame_change,-0.001032590756039305,0.0003889853280748935
classification,logistic,new-explorers-new-roadmap,in_speech,0.007325655199738675,0.0019610076188154115
classification,logistic,new-explorers-new-roadmap,rel_pos,0.0035737516464085703,0.0010106941030898358
classification,logistic,new-explorers-new-roadmap,query_words,0.0006195816591892204,0.0015536193074460903
classification,logistic,new-explorers-new-roadmap,visual_near,0.0008862019379177374,0.0014525332805433548
classification,logistic,new-explorers-new-roadmap,speech_near,0.0014196425875434941,0.0021793951351231594
classification,logistic,new-explorers-new-roadmap,visual_wide,0.02272279320617147,0.004972414356437933
classification,logistic,new-explorers-new-roadmap,speech_wide,0.23923363951728963,0.010812514508843156
classification,logistic,new-explorers-new-roadmap,fused_smooth,8.673457295575264e-05,0.0009860051154278106
classification,logistic,new-explorers-new-roadmap,fused_near,2.1358300831127625e-05,5.145806788393679e-05
classification,logistic,new-explorers-new-roadmap,visual_peak_dist,0.002799895318242577,0.0005427839732385933
classification,logistic,new-explorers-new-roadmap,speech_peak_dist,0.03108507989516222,0.002657110456485512
classification,logistic,new-explorers-new-roadmap,fused_peak_dist,0.0005883605599777223,7.298509164478827e-05
classification,logistic,new-explorers-new-roadmap,visual_vs_peak,0.00012477587714987415,0.0007643717887173037
classification,logistic,new-explorers-new-roadmap,speech_vs_peak,0.0028894106576036562,0.0017544593388029723
classification,logistic,new-explorers-new-roadmap,fused_vs_peak,-2.2785213336540266e-05,0.00030203931570167236
classification,logistic,new-explorers-new-roadmap,local_rank_fused,0.005732835005494523,0.001046498804334038
classification,logistic,new-explorers-new-roadmap,scene_cuts_near,-0.0019539809916561492,0.0009357577317609162
classification,logistic,new-explorers-new-roadmap,keyword_overlap,-0.0002745317631680881,0.0008884097646165552
classification,logistic,new-explorers-new-roadmap,keyword_overlap_near,0.022405539619279897,0.00672987927885205
classification,knn,new-explorers-new-roadmap,visual_raw,-0.0008348528191350901,0.00130945051228557
classification,knn,new-explorers-new-roadmap,speech_raw,-0.0026406226266581325,0.0006343584546652249
classification,knn,new-explorers-new-roadmap,visual_norm,-0.0006341390186635302,0.0008853419777270977
classification,knn,new-explorers-new-roadmap,speech_norm,-0.0007591849092358401,0.000900930880009085
classification,knn,new-explorers-new-roadmap,fused_baseline,-0.0001746441179529823,0.001102746444999271
classification,knn,new-explorers-new-roadmap,visual_z,-0.004269093410122382,0.00026203225321476365
classification,knn,new-explorers-new-roadmap,speech_z,-0.0024858435372099676,0.003487847290785934
classification,knn,new-explorers-new-roadmap,visual_rank,-0.0009056097007621814,0.0006671852528753592
classification,knn,new-explorers-new-roadmap,speech_rank,-0.0024665140508550363,0.0011363705054436095
classification,knn,new-explorers-new-roadmap,visual_smooth,-0.0017858172624410917,0.00046036896472682784
classification,knn,new-explorers-new-roadmap,speech_smooth,-0.00037193214198845875,0.0001966479515001072
classification,knn,new-explorers-new-roadmap,frame_change,0.004715448239660487,0.0015749745489183177
classification,knn,new-explorers-new-roadmap,in_speech,0.0006292262297564003,0.0004183217255726576
classification,knn,new-explorers-new-roadmap,rel_pos,0.009318647440102098,0.0023900958275999153
classification,knn,new-explorers-new-roadmap,query_words,0.0023446830404644237,0.0005110144537477028
classification,knn,new-explorers-new-roadmap,visual_near,3.951840882954194e-05,0.002031576752502171
classification,knn,new-explorers-new-roadmap,speech_near,0.000993656906641031,0.0011720498647843735
classification,knn,new-explorers-new-roadmap,visual_wide,0.00695701368176993,0.0009519721786375323
classification,knn,new-explorers-new-roadmap,speech_wide,0.012941029940107004,0.003217550950454538
classification,knn,new-explorers-new-roadmap,fused_smooth,-0.0008756892437516983,8.132716340777631e-05
classification,knn,new-explorers-new-roadmap,fused_near,0.001334598098588713,0.0014599991999867167
classification,knn,new-explorers-new-roadmap,visual_peak_dist,0.002226901236464925,0.0005415378238604437
classification,knn,new-explorers-new-roadmap,speech_peak_dist,0.0019920062774571776,0.00022770907646028617
classification,knn,new-explorers-new-roadmap,fused_peak_dist,0.002376301481288164,0.0003846146040531572
classification,knn,new-explorers-new-roadmap,visual_vs_peak,-0.0029272513880573467,0.0005747748565151356
classification,knn,new-explorers-new-roadmap,speech_vs_peak,-0.0015307289831059852,0.0004174639903174807
classification,knn,new-explorers-new-roadmap,fused_vs_peak,-0.003561405990353298,0.0007841385132986324
classification,knn,new-explorers-new-roadmap,local_rank_fused,0.021485309839594142,0.0010198725031906155
classification,knn,new-explorers-new-roadmap,scene_cuts_near,0.0009822628323178002,0.0005212809121143125
classification,knn,new-explorers-new-roadmap,keyword_overlap,0.0021284926700475917,0.0008738621404926742
classification,knn,new-explorers-new-roadmap,keyword_overlap_near,0.03026639448515885,0.005001469847687716
classification,gradient_boosting,new-explorers-new-roadmap,visual_raw,-0.00022995734402675438,0.00047126890813476075
classification,gradient_boosting,new-explorers-new-roadmap,speech_raw,-0.00713166070031875,0.000508323038205283
classification,gradient_boosting,new-explorers-new-roadmap,visual_norm,-0.0005118626423369355,0.00014578646299283633
classification,gradient_boosting,new-explorers-new-roadmap,speech_norm,0.005840010130820879,0.0003683069568019055
classification,gradient_boosting,new-explorers-new-roadmap,fused_baseline,0.0008618974892719752,0.00011024975310603777
classification,gradient_boosting,new-explorers-new-roadmap,visual_z,-0.00018968725401306377,0.0004307652282538875
classification,gradient_boosting,new-explorers-new-roadmap,speech_z,0.017244698351892684,0.00663643895429285
classification,gradient_boosting,new-explorers-new-roadmap,visual_rank,0.0007895302590108141,0.0005036567245040128
classification,gradient_boosting,new-explorers-new-roadmap,speech_rank,0.0010940207370107036,0.0016975269168093303
classification,gradient_boosting,new-explorers-new-roadmap,visual_smooth,-0.00028620076429882363,0.00010229426326816459
classification,gradient_boosting,new-explorers-new-roadmap,speech_smooth,0.0005399769867145595,0.000853288453266725
classification,gradient_boosting,new-explorers-new-roadmap,frame_change,0.001119180994647399,0.0009240532115222156
classification,gradient_boosting,new-explorers-new-roadmap,in_speech,0.0,0.0
classification,gradient_boosting,new-explorers-new-roadmap,rel_pos,0.009368923966449874,0.0027431850899288226
classification,gradient_boosting,new-explorers-new-roadmap,query_words,0.0021673297437048897,0.0023501855140067
classification,gradient_boosting,new-explorers-new-roadmap,visual_near,0.0010093097315226895,0.00020257165252870538
classification,gradient_boosting,new-explorers-new-roadmap,speech_near,-0.0004896917962513939,0.001284295512131364
classification,gradient_boosting,new-explorers-new-roadmap,visual_wide,0.00851520055337581,0.0035972023079006866
classification,gradient_boosting,new-explorers-new-roadmap,speech_wide,0.030116368443280323,0.008749975569323437
classification,gradient_boosting,new-explorers-new-roadmap,fused_smooth,0.0040862967486243,0.0007272060713721649
classification,gradient_boosting,new-explorers-new-roadmap,fused_near,0.021555834636945586,0.0026258609648480502
classification,gradient_boosting,new-explorers-new-roadmap,visual_peak_dist,0.017669143959697726,0.007561218362969825
classification,gradient_boosting,new-explorers-new-roadmap,speech_peak_dist,0.1602247757978875,0.015109522501566325
classification,gradient_boosting,new-explorers-new-roadmap,fused_peak_dist,0.028255201707492,0.0027964995212264774
classification,gradient_boosting,new-explorers-new-roadmap,visual_vs_peak,4.288604151780895e-05,0.0
classification,gradient_boosting,new-explorers-new-roadmap,speech_vs_peak,0.00039989846534926876,0.0002702618741928452
classification,gradient_boosting,new-explorers-new-roadmap,fused_vs_peak,-0.0007051550759347528,0.0002942476919109629
classification,gradient_boosting,new-explorers-new-roadmap,local_rank_fused,0.004877970429354043,0.0012890630283178904
classification,gradient_boosting,new-explorers-new-roadmap,scene_cuts_near,-0.0004141586949806264,0.0010270123913397947
classification,gradient_boosting,new-explorers-new-roadmap,keyword_overlap,0.00046867422569785155,0.0004291016378873024
classification,gradient_boosting,new-explorers-new-roadmap,keyword_overlap_near,0.008804909828603638,0.003384480294668786
regression,ridge,smoke-and-fire,visual_raw,-0.0004933005169388919,4.330364253246684e-05
regression,ridge,smoke-and-fire,speech_raw,-0.002646800702450649,0.0013288064326779639
regression,ridge,smoke-and-fire,visual_norm,0.0038021360217541655,0.0004937707267286225
regression,ridge,smoke-and-fire,speech_norm,0.006720197748831314,0.0013603930717443202
regression,ridge,smoke-and-fire,fused_baseline,0.00668215211191477,0.0013307898237111477
regression,ridge,smoke-and-fire,visual_z,0.08794709846417154,0.0004470438339698792
regression,ridge,smoke-and-fire,speech_z,0.22869096773342923,0.0049524259086086994
regression,ridge,smoke-and-fire,visual_rank,0.009484858538836063,0.0003388400266394811
regression,ridge,smoke-and-fire,speech_rank,0.017936545267843957,0.0016625398189331613
regression,ridge,smoke-and-fire,visual_smooth,0.006361545185579881,0.0005488131047705425
regression,ridge,smoke-and-fire,speech_smooth,-0.0035010021459898066,0.0007055615614925789
regression,ridge,smoke-and-fire,frame_change,1.204700083902906e-06,9.7452609806579e-06
regression,ridge,smoke-and-fire,in_speech,0.003231743923756858,0.00016095986341858022
regression,ridge,smoke-and-fire,rel_pos,0.001512330508984518,0.0001456730032550974
regression,ridge,smoke-and-fire,query_words,0.0005185338050755032,0.00030368981516252705
regression,ridge,smoke-and-fire,visual_near,0.0018087305244535539,0.00021265661383424112
regression,ridge,smoke-and-fire,speech_near,-0.00039246452920171926,0.0005707893431606715
regression,ridge,smoke-and-fire,visual_wide,0.029546612619585706,0.0013712771029431232
regression,ridge,smoke-and-fire,speech_wide,0.13098946093263059,0.001974049508886245
regression,ridge,smoke-and-fire,fused_smooth,-0.0009840954227239203,0.00011595046214356513
regression,ridge,smoke-and-fire,fused_near,-0.0031075064195507283,0.0005392958003043302
regression,ridge,smoke-and-fire,visual_peak_dist,0.00029362316356593143,6.246146253851358e-06
regression,ridge,smoke-and-fire,speech_peak_dist,0.004338016010165008,0.00012409875539941043
regression,ridge,smoke-and-fire,fused_peak_dist,0.0005013174357274738,1.925357255590718e-05
regression,ridge,smoke-and-fire,visual_vs_peak,-0.0004741006065730006,0.00012297750328164864
regression,ridge,smoke-and-fire,speech_vs_peak,0.02244326877912207,0.0009900796891108524
regression,ridge,smoke-and-fire,fused_vs_peak,-0.001627267339076588,0.0008277683848652872
regression,ridge,smoke-and-fire,local_rank_fused,0.00038922223712816356,0.00011750337092427681
regression,ridge,smoke-and-fire,scene_cuts_near,0.00032950358603489605,0.00011696202337991856
regression,ridge,smoke-and-fire,keyword_overlap,0.006795880999290627,0.0010950103321081407
regression,ridge,smoke-and-fire,keyword_overlap_near,0.10623442315119865,0.002304885000636044
regression,random_forest,smoke-and-fire,visual_raw,-5.4967255077068934e-05,1.845777276555809e-05
regression,random_forest,smoke-and-fire,speech_raw,4.140395767128028e-05,1.0370290045417286e-05
regression,random_forest,smoke-and-fire,visual_norm,3.1667042300278135e-05,7.5717670907092155e-06
regression,random_forest,smoke-and-fire,speech_norm,0.0005974779157166451,4.753564925501406e-05
regression,random_forest,smoke-and-fire,fused_baseline,-0.00023465385120337764,3.016876913660092e-05
regression,random_forest,smoke-and-fire,visual_z,-0.00032427703641273636,0.00013634876886377931
regression,random_forest,smoke-and-fire,speech_z,0.0026116553426125586,0.0002317595775644934
regression,random_forest,smoke-and-fire,visual_rank,-0.00019074278028735625,9.884289486547939e-05
regression,random_forest,smoke-and-fire,speech_rank,0.0009395796550240217,0.0001672868366871589
regression,random_forest,smoke-and-fire,visual_smooth,5.049852190386339e-05,2.7395546107031847e-05
regression,random_forest,smoke-and-fire,speech_smooth,2.0270944499615567e-05,9.409779310301005e-06
regression,random_forest,smoke-and-fire,frame_change,-2.036850191992438e-05,7.848671880459857e-05
regression,random_forest,smoke-and-fire,in_speech,0.0,0.0
regression,random_forest,smoke-and-fire,rel_pos,0.004472399050223406,0.0003892319147582419
regression,random_forest,smoke-and-fire,query_words,-0.0006496788089235539,0.00021175995885090685
regression,random_forest,smoke-and-fire,visual_near,-0.00034387805461045623,5.978816381397696e-05
regression,random_forest,smoke-and-fire,speech_near,0.0007631244710454566,0.0001436079913522966
regression,random_forest,smoke-and-fire,visual_wide,0.0008968249530916702,0.0001727299441094705
regression,random_forest,smoke-and-fire,speech_wide,0.003676985692568154,0.0009521935051403425
regression,random_forest,smoke-and-fire,fused_smooth,1.779129916239704e-05,1.0284174845102816e-05
regression,random_forest,smoke-and-fire,fused_near,0.026675375925849166,0.0010251242086199237
regression,random_forest,smoke-and-fire,visual_peak_dist,0.003350949567973225,0.00028276614768222777
regression,random_forest,smoke-and-fire,speech_peak_dist,0.11937245918499279,0.002085051580585212
regression,random_forest,smoke-and-fire,fused_peak_dist,0.04230845138508851,0.0041675746884051994
regression,random_forest,smoke-and-fire,visual_vs_peak,-3.201081513572642e-06,8.055280490513486e-06
regression,random_forest,smoke-and-fire,speech_vs_peak,-4.942781837250869e-06,7.743497458139511e-06
regression,random_forest,smoke-and-fire,fused_vs_peak,0.0003382001634502178,1.2971608278094193e-05
regression,random_forest,smoke-and-fire,local_rank_fused,6.861768412450934e-06,1.218235828642705e-05
regression,random_forest,smoke-and-fire,scene_cuts_near,0.0009190127494957123,0.0003114046727632278
regression,random_forest,smoke-and-fire,keyword_overlap,-1.5607225915481582e-05,2.6618478535239224e-06
regression,random_forest,smoke-and-fire,keyword_overlap_near,0.02163224812609918,0.002719486751433439
regression,gradient_boosting,smoke-and-fire,visual_raw,0.0002141988354158834,0.0001239731419968048
regression,gradient_boosting,smoke-and-fire,speech_raw,0.00031566664360472657,0.00019544156595846233
regression,gradient_boosting,smoke-and-fire,visual_norm,0.0011008081760436512,0.0001465228433927963
regression,gradient_boosting,smoke-and-fire,speech_norm,-0.00038043076273789705,3.248474774734057e-05
regression,gradient_boosting,smoke-and-fire,fused_baseline,0.0,0.0
regression,gradient_boosting,smoke-and-fire,visual_z,0.0036246315043004054,0.00040649784472363416
regression,gradient_boosting,smoke-and-fire,speech_z,0.02161491833439407,0.0007277689351349646
regression,gradient_boosting,smoke-and-fire,visual_rank,0.0008986670504986249,0.00029101778260200986
regression,gradient_boosting,smoke-and-fire,speech_rank,0.0015616116204887436,0.0001411928368607433
regression,gradient_boosting,smoke-and-fire,visual_smooth,7.50473588588448e-05,5.9604655440940625e-05
regression,gradient_boosting,smoke-and-fire,speech_smooth,0.00016190207806283477,0.00023650382759475666
regression,gradient_boosting,smoke-and-fire,frame_change,6.739468097806863e-06,3.836715480123585e-05
regression,gradient_boosting,smoke-and-fire,in_speech,0.0,0.0
regression,gradient_boosting,smoke-and-fire,rel_pos,0.004755213616344243,0.0005010995890343321
regression,gradient_boosting,smoke-and-fire,query_words,-0.0016249214845159936,0.00031057659048618704
regression,gradient_boosting,smoke-and-fire,visual_near,0.0001394962327662582,5.892249366434272e-05
regression,gradient_boosting,smoke-and-fire,speech_near,0.0014622681375861535,0.000123468703610377
regression,gradient_boosting,smoke-and-fire,visual_wide,0.0022356771774587705,0.0006036254293788501
regression,gradient_boosting,smoke-and-fire,speech_wide,0.003066807079807008,0.0002592416788898363
regression,gradient_boosting,smoke-and-fire,fused_smooth,0.0,0.0
regression,gradient_boosting,smoke-and-fire,fused_near,0.021887231718787804,0.0006139231112284871
regression,gradient_boosting,smoke-and-fire,visual_peak_dist,0.0039527956787578184,0.00021136109440908344
regression,gradient_boosting,smoke-and-fire,speech_peak_dist,0.11512317211525784,0.0027089291063296587
regression,gradient_boosting,smoke-and-fire,fused_peak_dist,0.03181958195620229,0.0018782285980227
regression,gradient_boosting,smoke-and-fire,visual_vs_peak,-8.265210925895161e-06,9.7941715541941e-05
regression,gradient_boosting,smoke-and-fire,speech_vs_peak,4.716226295512863e-05,0.00012771425506215682
regression,gradient_boosting,smoke-and-fire,fused_vs_peak,-0.00012482122325369974,3.752781183631348e-05
regression,gradient_boosting,smoke-and-fire,local_rank_fused,0.0011924093971735956,0.0004508760795081257
regression,gradient_boosting,smoke-and-fire,scene_cuts_near,0.0005758108312896304,0.00025115544026264825
regression,gradient_boosting,smoke-and-fire,keyword_overlap,0.0002852742218047248,3.3623623275213186e-05
regression,gradient_boosting,smoke-and-fire,keyword_overlap_near,0.01144906473714504,0.002160123085284731
classification,logistic,smoke-and-fire,visual_raw,0.000391425093871726,4.431559274757296e-05
classification,logistic,smoke-and-fire,speech_raw,-1.8111356632359115e-05,0.0011876976228841524
classification,logistic,smoke-and-fire,visual_norm,0.020492756373344873,0.002258244464036657
classification,logistic,smoke-and-fire,speech_norm,0.011659618872038183,0.002409729761178868
classification,logistic,smoke-and-fire,fused_baseline,0.01393736402858651,0.004242744620190564
classification,logistic,smoke-and-fire,visual_z,0.1592569280666648,0.007495919390527783
classification,logistic,smoke-and-fire,speech_z,0.6990932932322949,0.019184606028786477
classification,logistic,smoke-and-fire,visual_rank,0.005722731022345773,0.0010164001883662818
classification,logistic,smoke-and-fire,speech_rank,0.007410015292818077,0.003678095734245393
classification,logistic,smoke-and-fire,visual_smooth,0.002358647345238163,0.0006319941015039974
classification,logistic,smoke-and-fire,speech_smooth,0.0012674796883938761,0.0004706246274986852
classification,logistic,smoke-and-fire,frame_change,-0.0008299717725448094,0.0002512880418402229
classification,logistic,smoke-and-fire,in_speech,0.003244483403825401,0.0003779517797791056
classification,logistic,smoke-and-fire,rel_pos,0.007773123173718995,0.001481231110622666
classification,logistic,smoke-and-fire,query_words,0.0018782222908934425,0.0003343495141384723
classification,logistic,smoke-and-fire,visual_near,0.00433563312774395,0.0006071385677999403
classification,logistic,smoke-and-fire,speech_near,0.002864641945444224,0.000991746085356918
classification,logistic,smoke-and-fire,visual_wide,0.021934254173977503,0.0023291663011152674
classification,logistic,smoke-and-fire,speech_wide,0.21886422027167826,0.006175484083260353
classification,logistic,smoke-and-fire,fused_smooth,0.0029219004396437986,0.0008215280555042291
classification,logistic,smoke-and-fire,fused_near,-0.00010400985740799396,7.313832039010526e-05
classification,logistic,smoke-and-fire,visual_peak_dist,0.0020858577964334066,0.0015013002009095977
classification,logistic,smoke-and-fire,speech_peak_dist,0.022960947967478235,0.006533657248469881
classification,logistic,smoke-and-fire,fused_peak_dist,0.00014964167125767572,0.000640556006414919
classification,logistic,smoke-and-fire,visual_vs_peak,0.0007321695542144383,0.00020894526791783992
classification,logistic,smoke-and-fire,speech_vs_peak,0.000643897179630056,0.0005969454357283519
classification,logistic,smoke-and-fire,fused_vs_peak,0.00046822313471187965,0.000247837093258664
classification,logistic,smoke-and-fire,local_rank_fused,-0.0006594038037059935,0.002355598187200065
classification,logistic,smoke-and-fire,scene_cuts_near,0.00028082385331040793,0.0009343918897387306
classification,logistic,smoke-and-fire,keyword_overlap,0.001028907044471894,0.00033479992348709446
classification,logistic,smoke-and-fire,keyword_overlap_near,0.030847476500647453,0.005130302000789055
classification,knn,smoke-and-fire,visual_raw,0.003426204650297082,0.0005224856109285107
classification,knn,smoke-and-fire,speech_raw,0.003821033883001516,0.0011193322393501562
classification,knn,smoke-and-fire,visual_norm,0.0007532459760895375,0.00044306874666634574
classification,knn,smoke-and-fire,speech_norm,-6.647354130132992e-05,0.0007067716273568949
classification,knn,smoke-and-fire,fused_baseline,0.0005894328798610182,0.0011414670605572994
classification,knn,smoke-and-fire,visual_z,0.008553064211279956,0.0016306557468259582
classification,knn,smoke-and-fire,speech_z,0.011089528623988487,0.0031771613909376143
classification,knn,smoke-and-fire,visual_rank,0.0011467592685492356,0.001337518573459609
classification,knn,smoke-and-fire,speech_rank,0.0048319676174526,0.0014427780960699515
classification,knn,smoke-and-fire,visual_smooth,0.0007119152902141934,0.0013496970357059672
classification,knn,smoke-and-fire,speech_smooth,-0.0009721444816160515,0.0007060248869352098
classification,knn,smoke-and-fire,frame_change,-8.147051629011266e-05,0.0009912421279741734
classification,knn,smoke-and-fire,in_speech,-4.607521961415747e-05,7.597441249219408e-05
classification,knn,smoke-and-fire,rel_pos,0.010051088333271063,0.0021526513984257392
classification,knn,smoke-and-fire,query_words,-0.006263184361542347,0.0016499918507362197
classification,knn,smoke-and-fire,visual_near,0.0007556030992661444,0.0010202004204516659
classification,knn,smoke-and-fire,speech_near,-0.00013010084747000494,0.0018688568013699002
classification,knn,smoke-and-fire,visual_wide,0.0009763114125401392,0.001227006203860795
classification,knn,smoke-and-fire,speech_wide,0.007965887784728657,0.002501432354584849
classification,knn,smoke-and-fire,fused_smooth,-0.0003957628897219845,0.00203218680087405
classification,knn,smoke-and-fire,fused_near,0.0009683555621411433,0.0019797824802518346
classification,knn,smoke-and-fire,visual_peak_dist,0.0012631887462909441,0.0006341364644321953
classification,knn,smoke-and-fire,speech_peak_dist,0.00196270459044486,0.0011943352468026694
classification,knn,smoke-and-fire,fused_peak_dist,0.002021506050111902,0.001768153893645989
classification,knn,smoke-and-fire,visual_vs_peak,-0.0004739421739418474,0.0016618974688154954
classification,knn,smoke-and-fire,speech_vs_peak,0.0005528224865141521,0.0008797866570558988
classification,knn,smoke-and-fire,fused_vs_peak,0.0011735286064274615,0.0013584801985710704
classification,knn,smoke-and-fire,local_rank_fused,0.008626140099980825,0.0038045534740108727
classification,knn,smoke-and-fire,scene_cuts_near,0.000938858052959309,0.0010306610613192708
classification,knn,smoke-and-fire,keyword_overlap,0.0013759893526604412,0.0013297280816943057
classification,knn,smoke-and-fire,keyword_overlap_near,0.028336939736843664,0.006403335487997367
classification,gradient_boosting,smoke-and-fire,visual_raw,8.277302503952495e-05,0.0002357130856226672
classification,gradient_boosting,smoke-and-fire,speech_raw,0.00569911554279053,0.00037195051679741884
classification,gradient_boosting,smoke-and-fire,visual_norm,0.0,0.0
classification,gradient_boosting,smoke-and-fire,speech_norm,0.002282334982492825,0.0006198611869059104
classification,gradient_boosting,smoke-and-fire,fused_baseline,-0.00029415094572985784,0.00024854502317989515
classification,gradient_boosting,smoke-and-fire,visual_z,0.002056294495006439,0.00038186124182073764
classification,gradient_boosting,smoke-and-fire,speech_z,0.03623469504209927,0.00516264130807975
classification,gradient_boosting,smoke-and-fire,visual_rank,0.00927249100749942,0.0024851301989598827
classification,gradient_boosting,smoke-and-fire,speech_rank,0.0036421717879657014,0.00020278635429078716
classification,gradient_boosting,smoke-and-fire,visual_smooth,0.0005211254871681689,8.127371959804718e-05
classification,gradient_boosting,smoke-and-fire,speech_smooth,0.002563207678181375,0.0034004772452016223
classification,gradient_boosting,smoke-and-fire,frame_change,0.00019055200166880523,0.00036641248447157146
classification,gradient_boosting,smoke-and-fire,in_speech,0.0,0.0
classification,gradient_boosting,smoke-and-fire,rel_pos,0.014458672491221125,0.0010213379653196079
classification,gradient_boosting,smoke-and-fire,query_words,-0.009529707714365602,0.0027857004344450705
classification,gradient_boosting,smoke-and-fire,visual_near,0.00032033204290079126,0.0005835673307224335
classification,gradient_boosting,smoke-and-fire,speech_near,0.0026747243581007143,0.0033464215958644273
classification,gradient_boosting,smoke-and-fire,visual_wide,0.004184901083026049,0.0014908453195801674
classification,gradient_boosting,smoke-and-fire,speech_wide,0.060014625064616044,0.0062798131970198115
classification,gradient_boosting,smoke-and-fire,fused_smooth,0.00853588696091793,0.0026379573162127645
classification,gradient_boosting,smoke-and-fire,fused_near,0.029905299987667184,0.005885628341224096
classification,gradient_boosting,smoke-and-fire,visual_peak_dist,0.003744765235952093,0.004343123578579418
classification,gradient_boosting,smoke-and-fire,speech_peak_dist,0.21554307588637733,0.01196068984896398
classification,gradient_boosting,smoke-and-fire,fused_peak_dist,0.06106352079776589,0.01000353858121062
classification,gradient_boosting,smoke-and-fire,visual_vs_peak,7.390217485396071e-05,1.888663889177972e-05
classification,gradient_boosting,smoke-and-fire,speech_vs_peak,-1.1102230246251565e-16,0.0
classification,gradient_boosting,smoke-and-fire,fused_vs_peak,3.909277590992873e-05,0.00020843063718160672
classification,gradient_boosting,smoke-and-fire,local_rank_fused,0.0017417229165660464,0.0023513621022561134
classification,gradient_boosting,smoke-and-fire,scene_cuts_near,0.0023043338207145623,0.0002832002196258246
classification,gradient_boosting,smoke-and-fire,keyword_overlap,0.00023870058253524137,0.00011546868017424681
classification,gradient_boosting,smoke-and-fire,keyword_overlap_near,0.006700745400987085,0.0005991949430638762
regression,ridge,this-week-at-nasa,visual_raw,-0.001510521409250611,7.869415257787841e-05
regression,ridge,this-week-at-nasa,speech_raw,0.00032273583727838545,1.0861329552939267e-05
regression,ridge,this-week-at-nasa,visual_norm,0.0011452662174914658,3.10819947625444e-05
regression,ridge,this-week-at-nasa,speech_norm,0.07517422927603594,0.0015512981333828803
regression,ridge,this-week-at-nasa,fused_baseline,0.029085329590299414,0.0002734123707455191
regression,ridge,this-week-at-nasa,visual_z,0.023338739821308786,0.0006456840380006654
regression,ridge,this-week-at-nasa,speech_z,0.15688257092446387,0.00245705997507497
regression,ridge,this-week-at-nasa,visual_rank,0.015353596596268218,0.00028561311013473314
regression,ridge,this-week-at-nasa,speech_rank,0.043682134444378316,0.0015704699655571094
regression,ridge,this-week-at-nasa,visual_smooth,-0.0010835043024723285,4.5769185411546104e-05
regression,ridge,this-week-at-nasa,speech_smooth,0.04331193101025258,0.0006585483862971887
regression,ridge,this-week-at-nasa,frame_change,-0.00010222551956926007,2.7517713350984986e-05
regression,ridge,this-week-at-nasa,in_speech,0.0024319520032875055,0.0004947198804270921
regression,ridge,this-week-at-nasa,rel_pos,0.0010562109512418,0.0001489523604882315
regression,ridge,this-week-at-nasa,query_words,0.00024310787892460142,1.3577936137117976e-05
regression,ridge,this-week-at-nasa,visual_near,-0.0016170589638621058,0.00010651086900636083
regression,ridge,this-week-at-nasa,speech_near,0.040939786147201264,0.00021914437826066254
regression,ridge,this-week-at-nasa,visual_wide,0.0013836372175727678,0.0004636150283876262
regression,ridge,this-week-at-nasa,speech_wide,0.09443019416607819,0.0014592852689219583
regression,ridge,this-week-at-nasa,fused_smooth,0.013141261365865168,2.656736909519991e-05
regression,ridge,this-week-at-nasa,fused_near,0.010956702202461263,0.00011671169716541287
regression,ridge,this-week-at-nasa,visual_peak_dist,0.025435903771437136,3.6811219681736e-05
regression,ridge,this-week-at-nasa,speech_peak_dist,0.17699561383137405,0.002597280669889602
regression,ridge,this-week-at-nasa,fused_peak_dist,0.09538778364400284,0.0006270926906161344
regression,ridge,this-week-at-nasa,visual_vs_peak,0.0014453007812285923,4.777463106330999e-05
regression,ridge,this-week-at-nasa,speech_vs_peak,0.002697968889234098,0.00043228462258107937
regression,ridge,this-week-at-nasa,fused_vs_peak,-0.0039715969924690175,4.835505735558175e-05
regression,ridge,this-week-at-nasa,local_rank_fused,-0.00010098617002944159,7.107186274920179e-05
regression,ridge,this-week-at-nasa,scene_cuts_near,0.0001338284575423306,5.2368337343934224e-05
regression,ridge,this-week-at-nasa,keyword_overlap,0.011830655209492835,0.00014645180488360733
regression,ridge,this-week-at-nasa,keyword_overlap_near,0.009659937239082012,0.000929850744408477
regression,random_forest,this-week-at-nasa,visual_raw,4.414626603486497e-05,1.4057214346425659e-05
regression,random_forest,this-week-at-nasa,speech_raw,0.0002131397654244286,5.391690603449618e-05
regression,random_forest,this-week-at-nasa,visual_norm,-2.3297850548822014e-05,7.777301898306845e-06
regression,random_forest,this-week-at-nasa,speech_norm,-0.0005868766735085129,5.4663891026955305e-05
regression,random_forest,this-week-at-nasa,fused_baseline,-7.181869799915049e-05,1.0130572803070924e-05
regression,random_forest,this-week-at-nasa,visual_z,6.0099807421184113e-05,1.4708576723353378e-05
regression,random_forest,this-week-at-nasa,speech_z,-0.0003773039217127387,4.041469730616426e-05
regression,random_forest,this-week-at-nasa,visual_rank,0.00010525985418850341,5.020861932214141e-05
regression,random_forest,this-week-at-nasa,speech_rank,0.0002499333954530947,5.03852145460329e-05
regression,random_forest,this-week-at-nasa,visual_smooth,-8.077455665998305e-05,1.9752291567373205e-05
regression,random_forest,this-week-at-nasa,speech_smooth,-0.0001180801092914574,6.023691321235985e-06
regression,random_forest,this-week-at-nasa,frame_change,2.574533253327238e-05,5.9991403230984664e-06
regression,random_forest,this-week-at-nasa,in_speech,0.0,0.0
regression,random_forest,this-week-at-nasa,rel_pos,0.0033175929386426717,0.0004317896868813105
regression,random_forest,this-week-at-nasa,query_words,-0.0006344420905079473,5.778631540269931e-06
regression,random_forest,this-week-at-nasa,visual_near,-4.115555667484153e-05,1.952543053154952e-05
regression,random_forest,this-week-at-nasa,speech_near,-0.0012349012482183546,6.165981686462018e-05
regression,random_forest,this-week-at-nasa,visual_wide,0.0011667294141167184,0.00013776167143607059
regression,random_forest,this-week-at-nasa,speech_wide,0.001990616816608476,7.323164788728507e-05
regression,random_forest,this-week-at-nasa,fused_smooth,-9.753904750228748e-05,1.5885765854599358e-05
regression,random_forest,this-week-at-nasa,fused_near,0.0009004102763029062,0.000490404747699141
regression,random_forest,this-week-at-nasa,visual_peak_dist,0.0018748239958610025,0.00014570014059520886
regression,random_forest,this-week-at-nasa,speech_peak_dist,0.06220625789669763,0.001879456845134162
regression,random_forest,this-week-at-nasa,fused_peak_dist,0.014051770446466863,0.00024151352340018805
regression,random_forest,this-week-at-nasa,visual_vs_peak,0.00011578081448332389,2.7697355967124323e-05
regression,random_forest,this-week-at-nasa,speech_vs_peak,-0.00016413531207445006,2.068355511689081e-05
regression,random_forest,this-week-at-nasa,fused_vs_peak,-3.231198285213085e-05,2.064762150384477e-05
regression,random_forest,this-week-at-nasa,local_rank_fused,-2.769635626719465e-05,2.1077079246357664e-05
regression,random_forest,this-week-at-nasa,scene_cuts_near,0.0002720614754139021,1.380717450169018e-05
regression,random_forest,this-week-at-nasa,keyword_overlap,3.281802833650834e-05,4.436111404082255e-06
regression,random_forest,this-week-at-nasa,keyword_overlap_near,0.0029389661699612732,0.00045118849157339597
regression,gradient_boosting,this-week-at-nasa,visual_raw,0.00022114664764185296,3.7897297759638635e-05
regression,gradient_boosting,this-week-at-nasa,speech_raw,0.001735761330099996,0.00010967362800330672
regression,gradient_boosting,this-week-at-nasa,visual_norm,-7.727046507384021e-05,1.2578092754711271e-05
regression,gradient_boosting,this-week-at-nasa,speech_norm,-0.0005764453524942093,8.372756900804033e-05
regression,gradient_boosting,this-week-at-nasa,fused_baseline,-3.0214668112769443e-05,6.174361996902139e-06
regression,gradient_boosting,this-week-at-nasa,visual_z,0.0007959640593682334,4.06626434359897e-05
regression,gradient_boosting,this-week-at-nasa,speech_z,0.0029256411211424915,0.00013912968734827998
regression,gradient_boosting,this-week-at-nasa,visual_rank,0.00031480305114090873,9.33300485058672e-05
regression,gradient_boosting,this-week-at-nasa,speech_rank,0.0007150555172042808,6.789300177208097e-05
regression,gradient_boosting,this-week-at-nasa,visual_smooth,1.0687314243964149e-05,4.279903592542317e-06
regression,gradient_boosting,this-week-at-nasa,speech_smooth,-0.0003285120662104383,2.0851161578121987e-05
regression,gradient_boosting,this-week-at-nasa,frame_change,1.5264642885139585e-05,5.656178538598127e-05
regression,gradient_boosting,this-week-at-nasa,in_speech,0.0,0.0
regression,gradient_boosting,this-week-at-nasa,rel_pos,-0.00039932617221331385,0.00011454927784385038
regression,gradient_boosting,this-week-at-nasa,query_words,-0.001781954804521137,0.00012641754135319692
regression,gradient_boosting,this-week-at-nasa,visual_near,0.00044835639283821727,0.00012002517050930846
regression,gradient_boosting,this-week-at-nasa,speech_near,-0.0010271727604491965,1.3977281571349499e-05
regression,gradient_boosting,this-week-at-nasa,visual_wide,0.0014958342940873208,6.813107739728822e-05
regression,gradient_boosting,this-week-at-nasa,speech_wide,-0.0004177069752787643,4.125305347978104e-05
regression,gradient_boosting,this-week-at-nasa,fused_smooth,0.0,0.0
regression,gradient_boosting,this-week-at-nasa,fused_near,0.00020681718558190898,0.0006803898763211195
regression,gradient_boosting,this-week-at-nasa,visual_peak_dist,-0.002235031442013341,3.225143709185876e-05
regression,gradient_boosting,this-week-at-nasa,speech_peak_dist,0.06324928490685065,0.0017362145761242252
regression,gradient_boosting,this-week-at-nasa,fused_peak_dist,0.006385080745400146,0.00014200478040952318
regression,gradient_boosting,this-week-at-nasa,visual_vs_peak,-3.72069025219209e-08,1.1375611694395659e-05
regression,gradient_boosting,this-week-at-nasa,speech_vs_peak,-0.00011193170542618074,2.6058009292548793e-05
regression,gradient_boosting,this-week-at-nasa,fused_vs_peak,-0.0003526040525231218,1.0651693098645353e-05
regression,gradient_boosting,this-week-at-nasa,local_rank_fused,0.00031478044461871746,0.00010654295482216888
regression,gradient_boosting,this-week-at-nasa,scene_cuts_near,-0.0004536630435016305,7.512288852605253e-05
regression,gradient_boosting,this-week-at-nasa,keyword_overlap,3.968856243883693e-05,4.13995191993587e-06
regression,gradient_boosting,this-week-at-nasa,keyword_overlap_near,0.0015234759235858153,0.0005298476817364649
classification,logistic,this-week-at-nasa,visual_raw,0.019394095538847227,0.0007024026697856419
classification,logistic,this-week-at-nasa,speech_raw,0.005586910732217769,0.003164223747363199
classification,logistic,this-week-at-nasa,visual_norm,0.0067500035765565665,0.0015955650812935604
classification,logistic,this-week-at-nasa,speech_norm,0.009556344845633205,0.0014247776770495038
classification,logistic,this-week-at-nasa,fused_baseline,0.008421778100859053,0.0011903210451237444
classification,logistic,this-week-at-nasa,visual_z,0.0433682583237854,0.0025813411358065466
classification,logistic,this-week-at-nasa,speech_z,0.07817560248690154,0.004977209577116592
classification,logistic,this-week-at-nasa,visual_rank,0.006319944389399534,0.0006928449420628086
classification,logistic,this-week-at-nasa,speech_rank,-0.0006018486261039069,0.0005786588831560439
classification,logistic,this-week-at-nasa,visual_smooth,-0.0001647788288869171,1.518573888141952e-05
classification,logistic,this-week-at-nasa,speech_smooth,0.0009211874313097926,0.00037974396927240413
classification,logistic,this-week-at-nasa,frame_change,0.0002594063532526114,0.0009342011747948152
classification,logistic,this-week-at-nasa,in_speech,0.00024154853957599384,0.00026784897277359356
classification,logistic,this-week-at-nasa,rel_pos,0.009347247371463344,0.0011490913791041538
classification,logistic,this-week-at-nasa,query_words,0.006606574689525746,0.0003027758131126428
classification,logistic,this-week-at-nasa,visual_near,0.006797603630050701,0.0010195587619764737
classification,logistic,this-week-at-nasa,speech_near,8.314071476378526e-05,0.00021453746013120977
classification,logistic,this-week-at-nasa,visual_wide,0.003870840393904692,0.00017243902000712422
classification,logistic,this-week-at-nasa,speech_wide,0.060383077816583364,0.003096127489857955
classification,logistic,this-week-at-nasa,fused_smooth,-0.0006048876814365537,0.0001475925251594602
classification,logistic,this-week-at-nasa,fused_near,0.0013129655399966023,8.677073067605342e-05
classification,logistic,this-week-at-nasa,visual_peak_dist,0.0026969427765534126,0.0002510621633880163
classification,logistic,this-week-at-nasa,speech_peak_dist,0.5602954085513422,0.014957974474469588
classification,logistic,this-week-at-nasa,fused_peak_dist,0.02394470086635862,0.0028974972903902806
classification,logistic,this-week-at-nasa,visual_vs_peak,0.027650674367242,0.0025329159436406432
classification,logistic,this-week-at-nasa,speech_vs_peak,0.004348768677004696,0.0004663328823832206
classification,logistic,this-week-at-nasa,fused_vs_peak,0.0013858472610655352,0.00018783435759913363
classification,logistic,this-week-at-nasa,local_rank_fused,0.00852632743011598,0.0038805421236401028
classification,logistic,this-week-at-nasa,scene_cuts_near,-0.003180273152052604,0.0023909478492386083
classification,logistic,this-week-at-nasa,keyword_overlap,0.0020097909754113554,0.00011443573230400704
classification,logistic,this-week-at-nasa,keyword_overlap_near,-0.000987053600621568,0.004057544674467402
classification,knn,this-week-at-nasa,visual_raw,0.006854261513091579,0.0010000942322420847
classification,knn,this-week-at-nasa,speech_raw,-0.015463442792917337,0.001148257641319042
classification,knn,this-week-at-nasa,visual_norm,0.0008564914232330375,0.0009368813982918966
classification,knn,this-week-at-nasa,speech_norm,-0.015065008574511615,0.0008553637479734799
classification,knn,this-week-at-nasa,fused_baseline,-0.004439421347167756,0.0007753592550366789
classification,knn,this-week-at-nasa,visual_z,0.014132505491452507,0.0003841533802278124
classification,knn,this-week-at-nasa,speech_z,-0.0029966263932241035,0.0004401210291745841
classification,knn,this-week-at-nasa,visual_rank,0.007538748118255316,0.000858772675952222
classification,knn,this-week-at-nasa,speech_rank,0.0014533712463432973,0.0007662641704681486
classification,knn,this-week-at-nasa,visual_smooth,0.0006578530389667048,0.0006391424934826297
classification,knn,this-week-at-nasa,speech_smooth,-0.013050234728973079,0.001442795403194264
classification,knn,this-week-at-nasa,frame_change,0.002179985940644724,0.0011755418075104652
classification,knn,this-week-at-nasa,in_speech,2.4445956020135995e-05,5.484798241814764e-05
classification,knn,this-week-at-nasa,rel_pos,8.391558057526301e-05,0.002582881064232594
classification,knn,this-week-at-nasa,query_words,0.003030485088816648,0.0005556012719410253
classification,knn,this-week-at-nasa,visual_near,0.000547723970763044,0.001438659305073627
classification,knn,this-week-at-nasa,speech_near,-0.011379338432609557,0.00195304034384926
classification,knn,this-week-at-nasa,visual_wide,0.0029140307036783497,0.0016596777549640108
classification,knn,this-week-at-nasa,speech_wide,0.003174684406962743,0.00315991210721551
classification,knn,this-week-at-nasa,fused_smooth,-0.00712560600969651,0.00030353705129721197
classification,knn,this-week-at-nasa,fused_near,-0.0052744995860145956,0.0014069859354371556
classification,knn,this-week-at-nasa,visual_peak_dist,0.028516237231963875,0.0029006926536968613
classification,knn,this-week-at-nasa,speech_peak_dist,0.06419778701400573,0.002874773157994574
classification,knn,this-week-at-nasa,fused_peak_dist,0.041618518406468574,0.006052900637618162
classification,knn,this-week-at-nasa,visual_vs_peak,0.0017413170195697363,0.00045193825294401825
classification,knn,this-week-at-nasa,speech_vs_peak,-0.01395320607002315,0.0010916033477681184
classification,knn,this-week-at-nasa,fused_vs_peak,-0.010042672354883653,0.0005687707308540168
classification,knn,this-week-at-nasa,local_rank_fused,0.018532844638527595,0.0018029865372706237
classification,knn,this-week-at-nasa,scene_cuts_near,0.0024078980486686627,0.0009403262095310011
classification,knn,this-week-at-nasa,keyword_overlap,-0.019894560043258253,0.0016062725439394455
classification,knn,this-week-at-nasa,keyword_overlap_near,-0.009741696931350371,0.0042885503513430045
classification,gradient_boosting,this-week-at-nasa,visual_raw,0.0011385958321401917,0.0004332675125509682
classification,gradient_boosting,this-week-at-nasa,speech_raw,-0.006673517026034618,0.002100622739390192
classification,gradient_boosting,this-week-at-nasa,visual_norm,-3.897341699077295e-05,9.237671584538024e-05
classification,gradient_boosting,this-week-at-nasa,speech_norm,-0.014341809615807407,0.0003850908593480421
classification,gradient_boosting,this-week-at-nasa,fused_baseline,0.0,0.0
classification,gradient_boosting,this-week-at-nasa,visual_z,0.009496661612104754,0.0009021087472821306
classification,gradient_boosting,this-week-at-nasa,speech_z,0.01997791419717243,0.004286235318878531
classification,gradient_boosting,this-week-at-nasa,visual_rank,0.007731996903733236,0.0010723443314103822
classification,gradient_boosting,this-week-at-nasa,speech_rank,0.008162845441992158,0.001889040707267101
classification,gradient_boosting,this-week-at-nasa,visual_smooth,0.0018043689883142644,0.000783972234788656
classification,gradient_boosting,this-week-at-nasa,speech_smooth,-0.00041431295574515897,0.0001943789529454068
classification,gradient_boosting,this-week-at-nasa,frame_change,0.0013638518822949308,0.0005270854630291172
classification,gradient_boosting,this-week-at-nasa,in_speech,0.0,0.0
classification,gradient_boosting,this-week-at-nasa,rel_pos,-0.007167835623166067,0.0033592250960167306
classification,gradient_boosting,this-week-at-nasa,query_words,-0.007076472589620335,0.0006935314799535575
classification,gradient_boosting,this-week-at-nasa,visual_near,0.0012881082401941708,0.002947856419546309
classification,gradient_boosting,this-week-at-nasa,speech_near,-0.0051461804386983,0.0008250788659033448
classification,gradient_boosting,this-week-at-nasa,visual_wide,0.009812978575868344,0.00033401645330287307
classification,gradient_boosting,this-week-at-nasa,speech_wide,0.030650184354341452,0.00759195284823135
classification,gradient_boosting,this-week-at-nasa,fused_smooth,0.0008301588567109682,0.0008512910346734612
classification,gradient_boosting,this-week-at-nasa,fused_near,0.010789616192313445,0.002730748006445679
classification,gradient_boosting,this-week-at-nasa,visual_peak_dist,0.012122756056983763,0.0008173160644897356
classification,gradient_boosting,this-week-at-nasa,speech_peak_dist,0.4113866894880646,0.008854210819634136
classification,gradient_boosting,this-week-at-nasa,fused_peak_dist,0.01787819745400417,0.00047251196280861235
classification,gradient_boosting,this-week-at-nasa,visual_vs_peak,0.0043708355306602735,0.0005788227920838191
classification,gradient_boosting,this-week-at-nasa,speech_vs_peak,0.0007033759085861938,9.938201796344798e-05
classification,gradient_boosting,this-week-at-nasa,fused_vs_peak,0.00830905262700854,0.0025024147736247785
classification,gradient_boosting,this-week-at-nasa,local_rank_fused,0.0017445857315985618,0.00107806161895929
classification,gradient_boosting,this-week-at-nasa,scene_cuts_near,-0.016492293653711704,0.0022893099820180257
classification,gradient_boosting,this-week-at-nasa,keyword_overlap,-0.005426457312432742,0.0008168002763599596
classification,gradient_boosting,this-week-at-nasa,keyword_overlap_near,-0.0016914778949017235,0.006000403842616111
